claim_id,claim,evidence,status,boundary
C1,Full-vector status and canonical witness agree with exhaustive oracle on 380 frozen requests,proof-data/structured-study.json; proof-data/fixture-cases.json; proof-data/stress-cases.json,supported,Finite synthetic core only
C2,Full-vector corruption rejection is 6000/6000,proof-data/tamper-controls.json; proof-data/structured-study.json,supported,"Thirty targeted mutation classes, not all possible attacks"
C3,Full-vector proof and topological direct evaluation have identical cell work on 20 accepted fixtures,proof-data/structured-study.json; src/proof_dag_checker.py,supported,Artifact semantic-cell model
C4,"Certificate-rebuild diagnostic records 45,198 outer proof cells and 309,582 internal recursive visits; this is not the certificate-free Session/direct_result timing path",proof-data/structured-study.json; tests/structured_study.py; paper Section 6.3,supported negative result,Diagnostic still receives the full certificate; no speedup claim
C5,All 285 frozen compact refutations establish an actual violating point and authentic trace,proof-data/refutation-witnesses.json; src/refutation_witness_checker.py,supported,Does not establish leastness or acceptance
C6,Compact certificate mutations are rejected 2850/2850,proof-data/refutation-controls.json; proof-data/structured-study.json,supported,Ten targeted mutation classes
C7,Forged refutations of accepted frozen requests are rejected 95/95,proof-data/acceptance-misuse-controls.json,supported,Population-specific
C8,Compact witness cell work is 81x smaller on the frozen refuted population,proof-data/structured-study.json,supported,All frozen requests use 81 points; fixed parsing overhead remains
C9,Post hoc grammar/AST differential agrees on 400/400 cases,proof-data/holdout-differential/summary.json; proof-data/holdout-differential/cases.json; tests/holdout_differential.py,supported audit-stage evidence,Synthetic and post hoc; not preregistered or public
C10,Grammar compact refutations verify 300/300 and accepted-request forgeries reject 100/100,proof-data/holdout-differential/summary.json; proof-data/holdout-differential/inputs/,supported audit-stage evidence,Same documented fragment
C11,Codeflaws slice contains 300 unique classified index records,proof-data/codeflaws-archive-audit.json; public-data/codeflaws-first-300.tsv,supported archival audit,No source execution
C12,The checker is mechanically verified,none,not claimed,Manual conditional proof and empirical falsification only
C13,The artifact demonstrates public-benchmark repair effectiveness,none,not claimed,Submission-readiness hold
C14,"Disk replay strict-loads 780 authoritative requests and validates 380 full certificates, 285 compact certificates, and 400 grammar results without using certificate order to define request order",proof-data/disk-replay-audit.json; tests/disk_replay.py; proof-data/fixture-inputs/; proof-data/stress-inputs/; proof-data/holdout-differential/inputs/,supported retained-file gate,Expected order is recovered from real deterministic generators and retained grammar seeds
C15,"On the same 285 refuted requests, median full and compact encodings are 15,604 and 667 bytes; ratio of medians 23.39 and median paired ratio 23.23",proof-data/structured-study.json; proof-data/refutation-witnesses.json,supported,"Refutation-only population; the all-380 full median 15,213 is separate"
C16,"Current producer uses topological vector reuse; on a 53-node three-point chain it computes 159 cells versus 3,558 legacy recursive visits while preserving certificate bytes",proof-data/edge-case-regression.json; src/proof_dag_producer.py; tests/edge_case_regression.py,supported bounded regression,"Small chain counterexample, not a deployment throughput benchmark"
C17,"A 1,500-depth left-associated AST can trigger RecursionError if the new guard is bypassed; production producer/full/compact paths reject it before elaboration and reject an 11-digit literal before conversion",proof-data/edge-case-regression.json; tests/edge_case_regression.py; src/producer.py; src/proof_dag_checker.py,supported safety regression,Observed crash risk under diagnostic bypass; no wrong acceptance observed or claimed
C18,"GCC 14.2.0 and Clang 17.0.0 independently compile and run the retained harness, each producing 9,180 matching defined evaluations and zero cross-compiler disagreements",results/native-compilers.json; results/native-outputs-gcc.csv; results/native-outputs-clang.csv; results/study.json,supported current environment,Defined return values only; no trace or undefined-execution claim
C19,The prototype conservatively requires selector definedness to simplify directly to true; a short-circuit-total selector is rejected consistently when the simplifier cannot prove this,proof-data/edge-case-regression.json; proofs/finite-support.md; src/producer.py; src/proof_dag_checker.py,supported admission boundary,Prototype incompleteness relative to mathematical semantic totality
C20,Grammar campaign contains 400 requests with point counts 9/27/81 (125/133/142 cases) and 15--163 nodes with median 69.5,proof-data/holdout-differential/summary.json; proof-data/holdout-differential/cases.json; proof-data/disk-replay-audit.json,supported,"Synthetic post hoc audit, not public-program evidence"
C21,"Full-vector proof cells across all 380 frozen-core requests total 1,179,684",proof-data/structured-study.json,supported,Artifact semantic-cell accounting; not Python instruction count
