id,status,reason
fixture-01-correct,REJECTED,claimed obligation is true
fixture-02-correct,REJECTED,claimed obligation is true
fixture-03-correct,REJECTED,claimed obligation is true
fixture-04-correct,REJECTED,claimed obligation is true
fixture-05-correct,REJECTED,claimed obligation is true
fixture-06-correct,REJECTED,claimed obligation is true
fixture-07-correct,REJECTED,claimed obligation is true
fixture-08-correct,REJECTED,claimed obligation is true
fixture-09-correct,REJECTED,claimed obligation is true
fixture-10-correct,REJECTED,claimed obligation is true
fixture-11-correct,REJECTED,claimed obligation is true
fixture-12-correct,REJECTED,claimed obligation is true
fixture-13-correct,REJECTED,claimed obligation is true
fixture-14-correct,REJECTED,claimed obligation is true
fixture-15-correct,REJECTED,claimed obligation is true
fixture-16-correct,REJECTED,claimed obligation is true
fixture-17-correct,REJECTED,claimed obligation is true
fixture-18-correct,REJECTED,claimed obligation is true
fixture-19-correct,REJECTED,claimed obligation is true
fixture-20-correct,REJECTED,claimed obligation is true
stress-001-correct,REJECTED,claimed obligation is true
stress-005-correct,REJECTED,claimed obligation is true
stress-009-correct,REJECTED,claimed obligation is true
stress-013-correct,REJECTED,claimed obligation is true
stress-017-correct,REJECTED,claimed obligation is true
stress-021-correct,REJECTED,claimed obligation is true
stress-025-correct,REJECTED,claimed obligation is true
stress-029-correct,REJECTED,claimed obligation is true
stress-033-correct,REJECTED,claimed obligation is true
stress-037-correct,REJECTED,claimed obligation is true
stress-041-correct,REJECTED,claimed obligation is true
stress-045-correct,REJECTED,claimed obligation is true
stress-049-correct,REJECTED,claimed obligation is true
stress-053-correct,REJECTED,claimed obligation is true
stress-057-correct,REJECTED,claimed obligation is true
stress-061-correct,REJECTED,claimed obligation is true
stress-065-correct,REJECTED,claimed obligation is true
stress-069-correct,REJECTED,claimed obligation is true
stress-073-correct,REJECTED,claimed obligation is true
stress-077-correct,REJECTED,claimed obligation is true
stress-081-correct,REJECTED,claimed obligation is true
stress-085-correct,REJECTED,claimed obligation is true
stress-089-correct,REJECTED,claimed obligation is true
stress-093-correct,REJECTED,claimed obligation is true
stress-097-correct,REJECTED,claimed obligation is true
stress-101-correct,REJECTED,claimed obligation is true
stress-105-correct,REJECTED,claimed obligation is true
stress-109-correct,REJECTED,claimed obligation is true
stress-113-correct,REJECTED,claimed obligation is true
stress-117-correct,REJECTED,claimed obligation is true
stress-121-correct,REJECTED,claimed obligation is true
stress-125-correct,REJECTED,claimed obligation is true
stress-129-correct,REJECTED,claimed obligation is true
stress-133-correct,REJECTED,claimed obligation is true
stress-137-correct,REJECTED,claimed obligation is true
stress-141-correct,REJECTED,claimed obligation is true
stress-145-correct,REJECTED,claimed obligation is true
stress-149-correct,REJECTED,claimed obligation is true
stress-153-correct,REJECTED,claimed obligation is true
stress-157-correct,REJECTED,claimed obligation is true
stress-161-correct,REJECTED,claimed obligation is true
stress-165-correct,REJECTED,claimed obligation is true
stress-169-correct,REJECTED,claimed obligation is true
stress-173-correct,REJECTED,claimed obligation is true
stress-177-correct,REJECTED,claimed obligation is true
stress-181-correct,REJECTED,claimed obligation is true
stress-185-correct,REJECTED,claimed obligation is true
stress-189-correct,REJECTED,claimed obligation is true
stress-193-correct,REJECTED,claimed obligation is true
stress-197-correct,REJECTED,claimed obligation is true
stress-201-correct,REJECTED,claimed obligation is true
stress-205-correct,REJECTED,claimed obligation is true
stress-209-correct,REJECTED,claimed obligation is true
stress-213-correct,REJECTED,claimed obligation is true
stress-217-correct,REJECTED,claimed obligation is true
stress-221-correct,REJECTED,claimed obligation is true
stress-225-correct,REJECTED,claimed obligation is true
stress-229-correct,REJECTED,claimed obligation is true
stress-233-correct,REJECTED,claimed obligation is true
stress-237-correct,REJECTED,claimed obligation is true
stress-241-correct,REJECTED,claimed obligation is true
stress-245-correct,REJECTED,claimed obligation is true
stress-249-correct,REJECTED,claimed obligation is true
stress-253-correct,REJECTED,claimed obligation is true
stress-257-correct,REJECTED,claimed obligation is true
stress-261-correct,REJECTED,claimed obligation is true
stress-265-correct,REJECTED,claimed obligation is true
stress-269-correct,REJECTED,claimed obligation is true
stress-273-correct,REJECTED,claimed obligation is true
stress-277-correct,REJECTED,claimed obligation is true
stress-281-correct,REJECTED,claimed obligation is true
stress-285-correct,REJECTED,claimed obligation is true
stress-289-correct,REJECTED,claimed obligation is true
stress-293-correct,REJECTED,claimed obligation is true
stress-297-correct,REJECTED,claimed obligation is true
