ordinal,task_id,contest,problem,buggy_submission_id,fixed_submission_id,classification,failure,tags,canonical_folder
1,71-A-bug-18359456-18359477,71,A,18359456,18359477,DCCR,WRONG_ANSWER,DIFFOUT|Loop|If|Printf,71-A-bug-18359456-18359477
2,4-A-bug-18258406-18258457,4,A,18258406,18258457,DCCR,WRONG_ANSWER,DIFFOUT|If|Else|Printf,4-A-bug-18258406-18258457
3,231-A-bug-18055428-18055539,231,A,18055428,18055539,DCCR,WRONG_ANSWER,DIFFOUT|If,231-A-bug-18055428-18055539
4,96-A-bug-18284844-18284870,96,A,18284844,18284870,DCCR,WRONG_ANSWER,DIFFOUT|If|Else,96-A-bug-18284844-18284870
5,96-A-bug-18173471-18173484,96,A,18173471,18173484,DCCR,WRONG_ANSWER,string,96-A-bug-18173471-18173484
6,131-A-bug-18069181-18073244,131,A,18069181,18073244,DCCR,WRONG_ANSWER,DIFFOUT|Loop|If|Else|Printf,131-A-bug-18069181-18073244
7,133-A-bug-18048780-18048793,133,A,18048780,18048793,DCCR,WRONG_ANSWER,DIFFOUT|Define,133-A-bug-18048780-18048793
8,58-A-bug-18163826-18163845,58,A,18163826,18163845,DCCR,WRONG_ANSWER,string,58-A-bug-18163826-18163845
9,58-A-bug-17762757-17762804,58,A,17762757,17762804,DCCR,WRONG_ANSWER,string,58-A-bug-17762757-17762804
10,467-A-bug-18348808-18348843,467,A,18348808,18348843,DCCR,WRONG_ANSWER,DIFFOUT|Loop|If,467-A-bug-18348808-18348843
11,136-A-bug-17499279-17499383,136,A,17499279,17499383,DCCR,WRONG_ANSWER,Define,136-A-bug-17499279-17499383
12,82-A-bug-18221798-18221807,82,A,18221798,18221807,DCCR,WRONG_ANSWER,string,82-A-bug-18221798-18221807
13,271-A-bug-18358749-18358771,271,A,18358749,18358771,DCCR,WRONG_ANSWER,DIFFOUT|Loop,271-A-bug-18358749-18358771
14,271-A-bug-18245137-18245167,271,A,18245137,18245167,DCCR,WRONG_ANSWER,DIFFOUT|Loop|If|Printf,271-A-bug-18245137-18245167
15,271-A-bug-18046060-18046072,271,A,18046060,18046072,DCCR,WRONG_ANSWER,DIFFOUT|Loop,271-A-bug-18046060-18046072
16,271-A-bug-18031969-18031990,271,A,18031969,18031990,DCCR,WRONG_ANSWER,DIFFOUT|Involves-+=or-=or*=|Loop,271-A-bug-18031969-18031990
17,271-A-bug-17990046-17990110,271,A,17990046,17990110,DCCR,WRONG_ANSWER,DIFFOUT|Loop,271-A-bug-17990046-17990110
18,82-A-bug-16884194-16884217,82,A,16884194,16884217,DCCR,WRONG_ANSWER,string,82-A-bug-16884194-16884217
19,271-A-bug-17876739-17876766,271,A,17876739,17876766,DCCR,WRONG_ANSWER,DIFFOUT|If,271-A-bug-17876739-17876766
20,271-A-bug-17597303-17597361,271,A,17597303,17597361,DCCR,WRONG_ANSWER,DIFFOUT|Loop,271-A-bug-17597303-17597361
21,472-A-bug-18257011-18257052,472,A,18257011,18257052,DCCR,WRONG_ANSWER,string,472-A-bug-18257011-18257052
22,451-A-bug-17310453-17310460,451,A,17310453,17310460,DCCR,WRONG_ANSWER,string,451-A-bug-17310453-17310460
23,479-A-bug-18240880-18240906,479,A,18240880,18240906,DCCR,WRONG_ANSWER,DIFFOUT|Loop|If,479-A-bug-18240880-18240906
24,208-A-bug-18351096-18351104,208,A,18351096,18351104,DCCR,WRONG_ANSWER,DIFFOUT|Involves-+=or-=or*=|Loop|If,208-A-bug-18351096-18351104
25,208-A-bug-17532993-17533015,208,A,17532993,17533015,DCCR,WRONG_ANSWER,DIFFOUT|Involves-+=or-=or*=|Loop|If,208-A-bug-17532993-17533015
26,144-A-bug-18351193-18351203,144,A,18351193,18351203,DCCR,WRONG_ANSWER,DIFFOUT|If|Printf,144-A-bug-18351193-18351203
27,469-A-bug-17841611-17841634,469,A,17841611,17841634,DCCR,WRONG_ANSWER,string,469-A-bug-17841611-17841634
28,144-A-bug-17545888-17545977,144,A,17545888,17545977,DCCR,WRONG_ANSWER,DIFFOUT|Loop|If,144-A-bug-17545888-17545977
29,500-A-bug-18160029-18160094,500,A,18160029,18160094,DCCR,WRONG_ANSWER,DIFFOUT|Loop|If|Printf,500-A-bug-18160029-18160094
30,500-A-bug-17810784-17810794,500,A,17810784,17810794,DCCR,WRONG_ANSWER,DIFFOUT|Loop,500-A-bug-17810784-17810794
31,492-A-bug-17378673-17378701,492,A,17378673,17378701,DCCR,WRONG_ANSWER,DIFFOUT|Involves-+=or-=or*=|Loop,492-A-bug-17378673-17378701
32,617-A-bug-17713160-17713171,617,A,17713160,17713171,DCCR,WRONG_ANSWER,DIFFOUT|If|Else|Printf,617-A-bug-17713160-17713171
33,478-A-bug-17811132-17811140,478,A,17811132,17811140,DCCR,WRONG_ANSWER,DIFFOUT|If|Else|Printf,478-A-bug-17811132-17811140
34,478-A-bug-17294884-17294911,478,A,17294884,17294911,DCCR,WRONG_ANSWER,DIFFOUT|If|Else|Printf,478-A-bug-17294884-17294911
35,584-A-bug-18044424-18044437,584,A,18044424,18044437,DCCR,WRONG_ANSWER,string,584-A-bug-18044424-18044437
36,339-B-bug-18022309-18022318,339,B,18022309,18022318,DCCR,TIME_LIMIT_EXCEEDED,string,339-B-bug-18022309-18022318
37,448-A-bug-18270373-18270389,448,A,18270373,18270389,DCCR,WRONG_ANSWER,DIFFOUT|If|Else|Printf,448-A-bug-18270373-18270389
38,509-A-bug-18292759-18292782,509,A,18292759,18292782,DCCR,WRONG_ANSWER,string,509-A-bug-18292759-18292782
39,509-A-bug-18292753-18292782,509,A,18292753,18292782,DCCR,WRONG_ANSWER,string,509-A-bug-18292753-18292782
40,509-A-bug-17530294-17530298,509,A,17530294,17530298,DCCR,WRONG_ANSWER,string,509-A-bug-17530294-17530298
41,519-A-bug-17202161-17202173,519,A,17202161,17202173,DCCR,WRONG_ANSWER,DIFFOUT|Involves-+=or-=or*=|If|Else,519-A-bug-17202161-17202173
42,519-A-bug-15908197-15908286,519,A,15908197,15908286,DCCR,WRONG_ANSWER,DIFFOUT|Involves-+=or-=or*=|Loop|If,519-A-bug-15908197-15908286
43,570-A-bug-16196292-16196313,570,A,16196292,16196313,DCCR,WRONG_ANSWER,DIFFOUT|Loop,570-A-bug-16196292-16196313
44,439-A-bug-15171532-15171537,439,A,15171532,15171537,DCCR,WRONG_ANSWER,string,439-A-bug-15171532-15171537
45,439-A-bug-14856034-14856052,439,A,14856034,14856052,DCCR,WRONG_ANSWER,DIFFOUT|Loop|Loop,439-A-bug-14856034-14856052
46,551-A-bug-13415047-13415071,551,A,13415047,13415071,DCCR,WRONG_ANSWER,DIFFOUT|Loop|If,551-A-bug-13415047-13415071
47,560-A-bug-15922792-15922810,560,A,15922792,15922810,DCCR,WRONG_ANSWER,DIFFOUT|If|Printf,560-A-bug-15922792-15922810
48,611-A-bug-17389910-17389923,611,A,17389910,17389923,DCCR,WRONG_ANSWER,string,611-A-bug-17389910-17389923
49,611-A-bug-16058680-16058709,611,A,16058680,16058709,DCCR,WRONG_ANSWER,DIFFOUT|If|Else|Printf,611-A-bug-16058680-16058709
50,611-A-bug-16019969-16020019,611,A,16019969,16020019,DCCR,WRONG_ANSWER,DIFFOUT|If|Else|Printf,611-A-bug-16019969-16020019
51,37-A-bug-15572418-15572426,37,A,15572418,15572426,DCCR,WRONG_ANSWER,DIFFOUT|Loop|If,37-A-bug-15572418-15572426
52,189-A-bug-17294544-17294560,189,A,17294544,17294560,DCCR,WRONG_ANSWER,DIFFOUT|Loop,189-A-bug-17294544-17294560
53,454-A-bug-14788727-14788751,454,A,14788727,14788751,DCCR,WRONG_ANSWER,DIFFOUT|Loop|Printf,454-A-bug-14788727-14788751
54,118-B-bug-16904583-16904610,118,B,16904583,16904610,DCCR,WRONG_ANSWER,string,118-B-bug-16904583-16904610
55,456-A-bug-17586003-17586007,456,A,17586003,17586007,DCCR,WRONG_ANSWER,string,456-A-bug-17586003-17586007
56,572-A-bug-15632585-15632589,572,A,15632585,15632589,DCCR,WRONG_ANSWER,DIFFOUT|Loop|If,572-A-bug-15632585-15632589
57,572-A-bug-15579415-15579491,572,A,15579415,15579491,DCCR,WRONG_ANSWER,DIFFOUT|Loop|If|Else|Printf,572-A-bug-15579415-15579491
58,552-B-bug-16928615-16929418,552,B,16928615,16929418,DCCR,WRONG_ANSWER,SIDE-EFFECT,552-B-bug-16928615-16929418
59,552-B-bug-16459325-16459343,552,B,16459325,16459343,DCCR,WRONG_ANSWER,DIFFOUT|Involves-+=or-=or*=|Loop|If,552-B-bug-16459325-16459343
60,515-C-bug-11961760-11961793,515,C,11961760,11961793,DCCR,WRONG_ANSWER,string,515-C-bug-11961760-11961793
61,214-A-bug-18162404-18162485,214,A,18162404,18162485,DCCR,WRONG_ANSWER,DIFFOUT|If,214-A-bug-18162404-18162485
62,462-A-bug-17033255-17033269,462,A,17033255,17033269,DCCR,WRONG_ANSWER,string,462-A-bug-17033255-17033269
63,401-A-bug-16437058-16437078,401,A,16437058,16437078,DCCR,WRONG_ANSWER,DIFFOUT|Loop|Loop,401-A-bug-16437058-16437078
64,401-A-bug-13625080-13625095,401,A,13625080,13625095,DCCR,WRONG_ANSWER,string,401-A-bug-13625080-13625095
65,535-A-bug-18162703-18162711,535,A,18162703,18162711,DCCR,WRONG_ANSWER,string,535-A-bug-18162703-18162711
66,535-A-bug-16312418-16312451,535,A,16312418,16312451,DCCR,WRONG_ANSWER,string,535-A-bug-16312418-16312451
67,535-A-bug-13949153-13949173,535,A,13949153,13949173,DCCR,WRONG_ANSWER,string,535-A-bug-13949153-13949173
68,546-B-bug-17275476-17275488,546,B,17275476,17275488,DCCR,RUNTIME_ERROR,DIFFOUT|Define|Loop|Loop|If|Printf,546-B-bug-17275476-17275488
69,230-B-bug-18253629-18253637,230,B,18253629,18253637,DCCR,WRONG_ANSWER,string,230-B-bug-18253629-18253637
70,384-A-bug-18240444-18240451,384,A,18240444,18240451,DCCR,WRONG_ANSWER,string,384-A-bug-18240444-18240451
71,255-A-bug-17124424-17124453,255,A,17124424,17124453,DCCR,WRONG_ANSWER,string,255-A-bug-17124424-17124453
72,255-A-bug-13497204-13497217,255,A,13497204,13497217,DCCR,WRONG_ANSWER,string,255-A-bug-13497204-13497217
73,534-A-bug-17298530-17298537,534,A,17298530,17298537,DCCR,WRONG_ANSWER,string,534-A-bug-17298530-17298537
74,534-A-bug-17298527-17298537,534,A,17298527,17298537,DCCR,WRONG_ANSWER,string,534-A-bug-17298527-17298537
75,534-A-bug-14649971-14649997,534,A,14649971,14649997,DCCR,WRONG_ANSWER,string,534-A-bug-14649971-14649997
76,534-A-bug-14543669-14543680,534,A,14543669,14543680,DCCR,WRONG_ANSWER,string,534-A-bug-14543669-14543680
77,534-A-bug-14106218-14106229,534,A,14106218,14106229,DCCR,WRONG_ANSWER,string,534-A-bug-14106218-14106229
78,534-A-bug-14106194-14106229,534,A,14106194,14106229,DCCR,WRONG_ANSWER,string,534-A-bug-14106194-14106229
79,534-A-bug-14090669-14090687,534,A,14090669,14090687,DCCR,WRONG_ANSWER,string,534-A-bug-14090669-14090687
80,463-B-bug-11339381-11339383,463,B,11339381,11339383,DCCR,WRONG_ANSWER,DIFFOUT|Loop|If,463-B-bug-11339381-11339383
81,385-A-bug-15274432-15281177,385,A,15274432,15281177,DCCR,WRONG_ANSWER,DIFFOUT|Loop|If|Else|Printf,385-A-bug-15274432-15281177
82,385-A-bug-12308294-12308311,385,A,12308294,12308311,DCCR,WRONG_ANSWER,DIFFOUT|Loop|Printf,385-A-bug-12308294-12308311
83,586-A-bug-14191565-14191571,586,A,14191565,14191571,DCCR,WRONG_ANSWER,DIFFOUT|If|Printf,586-A-bug-14191565-14191571
84,465-A-bug-15579570-15579608,465,A,15579570,15579608,DCCR,WRONG_ANSWER,DIFFOUT|Loop|Printf,465-A-bug-15579570-15579608
85,278-A-bug-12128251-12129325,278,A,12128251,12129325,DCCR,WRONG_ANSWER,DIFFOUT|If,278-A-bug-12128251-12129325
86,472-B-bug-9390780-9390795,472,B,9390780,9390795,DCCR,WRONG_ANSWER,DIFFOUT|Loop|If,472-B-bug-9390780-9390795
87,629-A-bug-16440544-16440622,629,A,16440544,16440622,DCCR,WRONG_ANSWER,string,629-A-bug-16440544-16440622
88,320-A-bug-17314140-17314148,320,A,17314140,17314148,DCCR,WRONG_ANSWER,string,320-A-bug-17314140-17314148
89,320-A-bug-13853886-13855144,320,A,13853886,13855144,DCCR,WRONG_ANSWER,DIFFOUT|If|Else,320-A-bug-13853886-13855144
90,488-A-bug-18231098-18231112,488,A,18231098,18231112,DCCR,WRONG_ANSWER,DIFFOUT|Involves-+=or-=or*=|Loop|If|Printf,488-A-bug-18231098-18231112
91,488-A-bug-17920837-17920847,488,A,17920837,17920847,DCCR,WRONG_ANSWER,DIFFOUT|Loop|If,488-A-bug-17920837-17920847
92,488-A-bug-15694141-15694156,488,A,15694141,15694156,DCCR,TIME_LIMIT_EXCEEDED,DIFFOUT|Loop|If,488-A-bug-15694141-15694156
93,488-A-bug-15600307-15600390,488,A,15600307,15600390,DCCR,WRONG_ANSWER,DIFFOUT|Loop|Loop,488-A-bug-15600307-15600390
94,488-A-bug-15410864-15410870,488,A,15410864,15410870,DCCR,WRONG_ANSWER,DIFFOUT|Loop|Loop,488-A-bug-15410864-15410870
95,466-C-bug-17912548-17912675,466,C,17912548,17912675,DCCR,WRONG_ANSWER,string,466-C-bug-17912548-17912675
96,435-A-bug-17116256-17116702,435,A,17116256,17116702,DCCR,WRONG_ANSWER,DIFFOUT|Else,435-A-bug-17116256-17116702
97,604-A-bug-14841012-14841153,604,A,14841012,14841153,DCCR,WRONG_ANSWER,,604-A-bug-14841012-14841153
98,574-A-bug-13208278-13208318,574,A,13208278,13208318,DCCR,WRONG_ANSWER,DIFFOUT|Involves-+=or-=or*=|If|Else|Printf,574-A-bug-13208278-13208318
99,624-A-bug-16223174-16223213,624,A,16223174,16223213,DCCR,WRONG_ANSWER,DIFFOUT|If|Printf,624-A-bug-16223174-16223213
100,670-A-bug-18246246-18246262,670,A,18246246,18246262,DCCR,WRONG_ANSWER,DIFFOUT|Loop|If|Printf,670-A-bug-18246246-18246262
101,670-A-bug-18026816-18031168,670,A,18026816,18031168,DCCR,WRONG_ANSWER,DIFFOUT|Loop|If|Printf,670-A-bug-18026816-18031168
102,556-B-bug-13638253-13638828,556,B,13638253,13638828,DCCR,WRONG_ANSWER,DIFFOUT|Loop|If,556-B-bug-13638253-13638828
103,556-B-bug-12705128-12705137,556,B,12705128,12705137,DCCR,RUNTIME_ERROR,DIFFOUT|If|Else|Printf,556-B-bug-12705128-12705137
104,560-C-bug-12795136-12795149,560,C,12795136,12795149,DCCR,WRONG_ANSWER,DIFFOUT|Involves-+=or-=or*=|Loop|If|Else,560-C-bug-12795136-12795149
105,588-B-bug-15571164-15571174,588,B,15571164,15571174,DCCR,WRONG_ANSWER,DIFFOUT|Loop|Loop,588-B-bug-15571164-15571174
106,482-A-bug-8674442-8674488,482,A,8674442,8674488,DCCR,WRONG_ANSWER,DIFFOUT|Loop|If,482-A-bug-8674442-8674488
107,550-C-bug-11606934-11606950,550,C,11606934,11606950,DCCR,WRONG_ANSWER,DIFFOUT|Loop|If,550-C-bug-11606934-11606950
108,9-A-bug-16987364-16987386,9,A,16987364,16987386,DCCR,WRONG_ANSWER,string,9-A-bug-16987364-16987386
109,84-A-bug-9385928-9385933,84,A,9385928,9385933,DCCR,WRONG_ANSWER,DIFFOUT|Printf,84-A-bug-9385928-9385933
110,560-B-bug-12804327-12804342,560,B,12804327,12804342,DCCR,WRONG_ANSWER,string|ArrayAccess|FunCall|Printf,560-B-bug-12804327-12804342
111,43-A-bug-14677884-14677976,43,A,14677884,14677976,DCCR,WRONG_ANSWER,DIFFOUT|Loop|If|Else,43-A-bug-14677884-14677976
112,596-B-bug-14891907-14891915,596,B,14891907,14891915,DCCR,RUNTIME_ERROR,string,596-B-bug-14891907-14891915
113,495-A-bug-12974475-12974513,495,A,12974475,12974513,DCCR,WRONG_ANSWER,DIFFOUT|If|Printf,495-A-bug-12974475-12974513
114,495-A-bug-11534750-11534818,495,A,11534750,11534818,DCCR,WRONG_ANSWER,DIFFOUT|Involves-+=or-=or*=|If|Else,495-A-bug-11534750-11534818
115,114-A-bug-15393612-15393637,114,A,15393612,15393637,DCCR,WRONG_ANSWER,DIFFOUT|Loop|If,114-A-bug-15393612-15393637
116,353-A-bug-12267789-12267802,353,A,12267789,12267802,DCCR,WRONG_ANSWER,string,353-A-bug-12267789-12267802
117,631-A-bug-16516739-16516823,631,A,16516739,16516823,DCCR,WRONG_ANSWER,string,631-A-bug-16516739-16516823
118,450-B-bug-14049570-14052082,450,B,14049570,14052082,DCCR,WRONG_ANSWER,DIFFOUT|If|Else|Printf,450-B-bug-14049570-14052082
119,621-B-bug-15783785-15784028,621,B,15783785,15784028,DCCR,WRONG_ANSWER,DIFFOUT|Loop|If,621-B-bug-15783785-15784028
120,672-B-bug-18005740-18005766,672,B,18005740,18005766,DCCR,WRONG_ANSWER,DIFFOUT|Loop|If|Printf,672-B-bug-18005740-18005766
121,546-C-bug-11531374-11531501,546,C,11531374,11531501,DCCR,WRONG_ANSWER,DIFFOUT|Loop|Printf,546-C-bug-11531374-11531501
122,158-C-bug-9815086-9815194,158,C,9815086,9815194,DCCR,WRONG_ANSWER,DIFFOUT|Loop|If,158-C-bug-9815086-9815194
123,592-A-bug-14209191-14209669,592,A,14209191,14209669,DCCR,WRONG_ANSWER,DIFFOUT|Loop|If,592-A-bug-14209191-14209669
124,75-A-bug-17509211-17509220,75,A,17509211,17509220,DCCR,WRONG_ANSWER,string|FunCall|Printf,75-A-bug-17509211-17509220
125,322-A-bug-9918275-9918287,322,A,9918275,9918287,DCCR,WRONG_ANSWER,DIFFOUT|Loop|Printf,322-A-bug-9918275-9918287
126,322-A-bug-9088045-9088076,322,A,9088045,9088076,DCCR,WRONG_ANSWER,DIFFOUT|Loop|Printf,322-A-bug-9088045-9088076
127,460-B-bug-12426498-12426519,460,B,12426498,12426519,DCCR,WRONG_ANSWER,DIFFOUT|Involves-+=or-=or*=|Loop,460-B-bug-12426498-12426519
128,160-B-bug-12385554-12385575,160,B,12385554,12385575,DCCR,WRONG_ANSWER,DIFFOUT|If|Else|Printf,160-B-bug-12385554-12385575
129,558-B-bug-12585906-12585920,558,B,12585906,12585920,DCCR,RUNTIME_ERROR,DIFFOUT|Define,558-B-bug-12585906-12585920
130,327-B-bug-11278728-11278834,327,B,11278728,11278834,DCCR,WRONG_ANSWER,DIFFOUT|Loop|If,327-B-bug-11278728-11278834
131,452-A-bug-16839740-16839775,452,A,16839740,16839775,DCCR,WRONG_ANSWER,string,452-A-bug-16839740-16839775
132,452-A-bug-11357737-11357797,452,A,11357737,11357797,DCCR,WRONG_ANSWER,DIFFOUT|If|Else,452-A-bug-11357737-11357797
133,415-A-bug-12406125-12406130,415,A,12406125,12406130,DCCR,WRONG_ANSWER,string,415-A-bug-12406125-12406130
134,139-A-bug-17335175-17335187,139,A,17335175,17335187,DCCR,WRONG_ANSWER,DIFFOUT|Involves-+=or-=or*=|Loop|If,139-A-bug-17335175-17335187
135,139-A-bug-14099102-14099148,139,A,14099102,14099148,DCCR,TIME_LIMIT_EXCEEDED,DIFFOUT|If,139-A-bug-14099102-14099148
136,246-A-bug-7343710-7343728,246,A,7343710,7343728,DCCR,WRONG_ANSWER,DIFFOUT|Loop|If|Printf,246-A-bug-7343710-7343728
137,272-A-bug-13334881-13334907,272,A,13334881,13334907,DCCR,WRONG_ANSWER,DIFFOUT|If|Else|Printf,272-A-bug-13334881-13334907
138,272-A-bug-9140479-9140575,272,A,9140479,9140575,DCCR,WRONG_ANSWER,DIFFOUT|Involves-+=or-=or*=|Loop,272-A-bug-9140479-9140575
139,518-A-bug-16064998-16065017,518,A,16064998,16065017,DCCR,WRONG_ANSWER,ArrayAccess|If,518-A-bug-16064998-16065017
140,275-A-bug-5407312-5407337,275,A,5407312,5407337,DCCR,WRONG_ANSWER,ArrayAccess,275-A-bug-5407312-5407337
141,493-A-bug-10851567-10851582,493,A,10851567,10851582,DCCR,WRONG_ANSWER,string,493-A-bug-10851567-10851582
142,587-A-bug-13972360-13972373,587,A,13972360,13972373,DCCR,WRONG_ANSWER,DIFFOUT|Define,587-A-bug-13972360-13972373
143,633-A-bug-17970704-17970774,633,A,17970704,17970774,DCCR,WRONG_ANSWER,DIFFOUT|Loop,633-A-bug-17970704-17970774
144,633-A-bug-17688004-17688228,633,A,17688004,17688228,DCCR,WRONG_ANSWER,DIFFOUT|Loop,633-A-bug-17688004-17688228
145,287-A-bug-16248246-16248273,287,A,16248246,16248273,DCCR,WRONG_ANSWER,string,287-A-bug-16248246-16248273
146,287-A-bug-14127156-14127164,287,A,14127156,14127164,DCCR,WRONG_ANSWER,DIFFOUT|If,287-A-bug-14127156-14127164
147,287-A-bug-11273662-11273693,287,A,11273662,11273693,DCCR,WRONG_ANSWER,DIFFOUT|If,287-A-bug-11273662-11273693
148,368-A-bug-10056259-10056302,368,A,10056259,10056302,DCCR,WRONG_ANSWER,DIFFOUT|Involves-+=or-=or*=|Loop|Else|Printf,368-A-bug-10056259-10056302
149,80-A-bug-17024233-17024254,80,A,17024233,17024254,DCCR,RUNTIME_ERROR,DIFFOUT|Loop|If,80-A-bug-17024233-17024254
150,80-A-bug-16970987-16971017,80,A,16970987,16971017,DCCR,WRONG_ANSWER,DIFFOUT|Loop,80-A-bug-16970987-16971017
151,336-A-bug-10796701-10796753,336,A,10796701,10796753,DCCR,WRONG_ANSWER,DIFFOUT|If,336-A-bug-10796701-10796753
152,336-A-bug-6096839-6096842,336,A,6096839,6096842,DCCR,WRONG_ANSWER,string|FunCall|If|Printf|SIDE-EFFECT,336-A-bug-6096839-6096842
153,362-B-bug-12974262-12974302,362,B,12974262,12974302,DCCR,WRONG_ANSWER,DIFFOUT|Loop|If|Else,362-B-bug-12974262-12974302
154,433-A-bug-14776196-14776225,433,A,14776196,14776225,DCCR,WRONG_ANSWER,string,433-A-bug-14776196-14776225
155,664-A-bug-17590501-17590517,664,A,17590501,17590517,DCCR,WRONG_ANSWER,string,664-A-bug-17590501-17590517
156,401-C-bug-18095947-18095968,401,C,18095947,18095968,DCCR,WRONG_ANSWER,DIFFOUT|Loop|If,401-C-bug-18095947-18095968
157,509-B-bug-10655714-10655736,509,B,10655714,10655736,DCCR,WRONG_ANSWER,DIFFOUT|Loop|Printf,509-B-bug-10655714-10655736
158,509-B-bug-10523652-10523659,509,B,10523652,10523659,DCCR,WRONG_ANSWER,string,509-B-bug-10523652-10523659
159,414-B-bug-6706156-6706199,414,B,6706156,6706199,DCCR,WRONG_ANSWER,DIFFOUT|Loop,414-B-bug-6706156-6706199
160,515-B-bug-11774554-11774710,515,B,11774554,11774710,DCCR,WRONG_ANSWER,DIFFOUT|Loop|If,515-B-bug-11774554-11774710
161,515-B-bug-10257432-10257461,515,B,10257432,10257461,DCCR,WRONG_ANSWER,DIFFOUT|Loop|If|Printf,515-B-bug-10257432-10257461
162,365-A-bug-18162681-18162685,365,A,18162681,18162685,DCCR,WRONG_ANSWER,DIFFOUT|Loop|If,365-A-bug-18162681-18162685
163,365-A-bug-9361800-9361805,365,A,9361800,9361805,DCCR,WRONG_ANSWER,string|ArrayAccess|If,365-A-bug-9361800-9361805
164,259-A-bug-15985457-15985487,259,A,15985457,15985487,DCCR,WRONG_ANSWER,string,259-A-bug-15985457-15985487
165,157-B-bug-13596646-13596675,157,B,13596646,13596675,DCCR,WRONG_ANSWER,DIFFOUT|Loop|If,157-B-bug-13596646-13596675
166,157-B-bug-13517559-13517565,157,B,13517559,13517565,DCCR,WRONG_ANSWER,SIDE-EFFECT,157-B-bug-13517559-13517565
167,382-A-bug-15851435-15851450,382,A,15851435,15851450,DCCR,WRONG_ANSWER,SIDE-EFFECT,382-A-bug-15851435-15851450
168,382-A-bug-8368809-8368827,382,A,8368809,8368827,DCCR,WRONG_ANSWER,DIFFOUT|Loop|Printf,382-A-bug-8368809-8368827
169,330-B-bug-15635112-15635157,330,B,15635112,15635157,DCCR,WRONG_ANSWER,ArrayAccess|If,330-B-bug-15635112-15635157
170,505-A-bug-10101095-10101109,505,A,10101095,10101109,DCCR,WRONG_ANSWER,ArrayAccess,505-A-bug-10101095-10101109
171,288-A-bug-6946103-6946125,288,A,6946103,6946125,DCCR,WRONG_ANSWER,string,288-A-bug-6946103-6946125
172,373-A-bug-17509728-17509797,373,A,17509728,17509797,DCCR,WRONG_ANSWER,DIFFOUT|Loop|If|Printf,373-A-bug-17509728-17509797
173,127-A-bug-4857735-4857763,127,A,4857735,4857763,DCCR,WRONG_ANSWER,SIDE-EFFECT,127-A-bug-4857735-4857763
174,205-A-bug-14650543-14650568,205,A,14650543,14650568,DCCR,WRONG_ANSWER,string,205-A-bug-14650543-14650568
175,220-A-bug-8395389-8395417,220,A,8395389,8395417,DCCR,WRONG_ANSWER,string,220-A-bug-8395389-8395417
176,355-A-bug-12485897-12485900,355,A,12485897,12485900,DCCR,WRONG_ANSWER,string,355-A-bug-12485897-12485900
177,355-A-bug-12485885-12485900,355,A,12485885,12485900,DCCR,WRONG_ANSWER,string,355-A-bug-12485885-12485900
178,94-A-bug-13906297-13906315,94,A,13906297,13906315,DCCR,WRONG_ANSWER,DIFFOUT|Loop,94-A-bug-13906297-13906315
179,357-A-bug-17835662-17835664,357,A,17835662,17835664,DCCR,WRONG_ANSWER,DIFFOUT|If,357-A-bug-17835662-17835664
180,680-B-bug-18325992-18326592,680,B,18325992,18326592,DCCR,WRONG_ANSWER,SIDE-EFFECT,680-B-bug-18325992-18326592
181,365-B-bug-17391844-17391871,365,B,17391844,17391871,DCCR,WRONG_ANSWER,DIFFOUT|If,365-B-bug-17391844-17391871
182,526-A-bug-10966530-10966547,526,A,10966530,10966547,DCCR,WRONG_ANSWER,DIFFOUT|If,526-A-bug-10966530-10966547
183,526-A-bug-10627114-10627124,526,A,10627114,10627124,DCCR,WRONG_ANSWER,DIFFOUT|If|Else|Printf,526-A-bug-10627114-10627124
184,604-B-bug-14775746-14775779,604,B,14775746,14775779,DCCR,WRONG_ANSWER,DIFFOUT|If|Printf,604-B-bug-14775746-14775779
185,616-B-bug-15606907-15607020,616,B,15606907,15607020,DCCR,WRONG_ANSWER,DIFFOUT|Loop,616-B-bug-15606907-15607020
186,363-A-bug-12223850-12223857,363,A,12223850,12223857,DCCR,WRONG_ANSWER,string,363-A-bug-12223850-12223857
187,363-A-bug-9556316-9556344,363,A,9556316,9556344,DCCR,TIME_LIMIT_EXCEEDED,Loop,363-A-bug-9556316-9556344
188,363-A-bug-8603306-8603333,363,A,8603306,8603333,DCCR,WRONG_ANSWER,string,363-A-bug-8603306-8603333
189,166-E-bug-7811739-7811751,166,E,7811739,7811751,DCCR,RUNTIME_ERROR,DIFFOUT|Define,166-E-bug-7811739-7811751
190,414-A-bug-13338411-13338421,414,A,13338411,13338421,DCCR,WRONG_ANSWER,DIFFOUT|Loop|Else|Printf,414-A-bug-13338411-13338421
191,414-A-bug-8342692-8342695,414,A,8342692,8342695,DCCR,WRONG_ANSWER,string,414-A-bug-8342692-8342695
192,475-A-bug-16393233-16393264,475,A,16393233,16393264,DCCR,WRONG_ANSWER,string,475-A-bug-16393233-16393264
193,475-A-bug-14056728-14056738,475,A,14056728,14056738,DCCR,WRONG_ANSWER,string,475-A-bug-14056728-14056738
194,475-A-bug-13253543-13253559,475,A,13253543,13253559,DCCR,WRONG_ANSWER,string,475-A-bug-13253543-13253559
195,268-C-bug-4023761-4023772,268,C,4023761,4023772,DCCR,WRONG_ANSWER,DIFFOUT|Loop|Printf,268-C-bug-4023761-4023772
196,268-C-bug-3071927-3071938,268,C,3071927,3071938,DCCR,WRONG_ANSWER,DIFFOUT|Loop|Printf,268-C-bug-3071927-3071938
197,34-A-bug-14489985-14490037,34,A,14489985,14490037,DCCR,WRONG_ANSWER,DIFFOUT|Printf,34-A-bug-14489985-14490037
198,34-A-bug-7646053-7646105,34,A,7646053,7646105,DCCR,WRONG_ANSWER,DIFFOUT|Loop|If,34-A-bug-7646053-7646105
199,538-C-bug-12882080-12882098,538,C,12882080,12882098,DCCR,WRONG_ANSWER,DIFFOUT|Define,538-C-bug-12882080-12882098
200,104-A-bug-11939068-11939085,104,A,11939068,11939085,DCCR,WRONG_ANSWER,DIFFOUT|Involves-+=or-=or*=|If|Else|Printf,104-A-bug-11939068-11939085
201,104-A-bug-10739007-10739021,104,A,10739007,10739021,DCCR,WRONG_ANSWER,string,104-A-bug-10739007-10739021
202,222-A-bug-4475922-4475947,222,A,4475922,4475947,DCCR,WRONG_ANSWER,DIFFOUT|If|Else|Printf,222-A-bug-4475922-4475947
203,302-A-bug-9163727-9163744,302,A,9163727,9163744,DCCR,WRONG_ANSWER,DIFFOUT|Loop|Printf,302-A-bug-9163727-9163744
204,441-B-bug-7062010-7062022,441,B,7062010,7062022,DCCR,WRONG_ANSWER,DIFFOUT|Involves-+=or-=or*=|Loop|If,441-B-bug-7062010-7062022
205,186-A-bug-14043592-14043606,186,A,14043592,14043606,DCCR,WRONG_ANSWER,DIFFOUT|If|Else|Printf,186-A-bug-14043592-14043606
206,244-A-bug-4336111-4336116,244,A,4336111,4336116,DCCR,WRONG_ANSWER,DIFFOUT|If,244-A-bug-4336111-4336116
207,626-B-bug-17396998-17397014,626,B,17396998,17397014,DCCR,WRONG_ANSWER,DIFFOUT|If|Printf,626-B-bug-17396998-17397014
208,626-B-bug-17271155-17271167,626,B,17271155,17271167,DCCR,WRONG_ANSWER,string,626-B-bug-17271155-17271167
209,284-B-bug-8946526-8946533,284,B,8946526,8946533,DCCR,WRONG_ANSWER,DIFFOUT|If|Else|Printf,284-B-bug-8946526-8946533
210,667-A-bug-18053720-18053750,667,A,18053720,18053750,DCCR,WRONG_ANSWER,DIFFOUT|floatingpoint|Define,667-A-bug-18053720-18053750
211,667-A-bug-17981468-17981495,667,A,17981468,17981495,DCCR,WRONG_ANSWER,SIDE-EFFECT,667-A-bug-17981468-17981495
212,667-A-bug-17689624-17689659,667,A,17689624,17689659,DCCR,WRONG_ANSWER,SIDE-EFFECT,667-A-bug-17689624-17689659
213,667-A-bug-17689544-17689659,667,A,17689544,17689659,DCCR,WRONG_ANSWER,SIDE-EFFECT,667-A-bug-17689544-17689659
214,127-B-bug-12687153-12687176,127,B,12687153,12687176,DCCR,WRONG_ANSWER,DIFFOUT|Loop,127-B-bug-12687153-12687176
215,127-B-bug-3581818-3581832,127,B,3581818,3581832,DCCR,WRONG_ANSWER,DIFFOUT|Loop|If,127-B-bug-3581818-3581832
216,569-A-bug-14530299-14530439,569,A,14530299,14530439,DCCR,WRONG_ANSWER,DIFFOUT|Involves-+=or-=or*=|Loop|Printf,569-A-bug-14530299-14530439
217,633-B-bug-17067597-17067648,633,B,17067597,17067648,DCCR,WRONG_ANSWER,DIFFOUT|Loop|Printf,633-B-bug-17067597-17067648
218,630-J-bug-16885448-16885458,630,J,16885448,16885458,DCCR,RUNTIME_ERROR,DIFFOUT|Printf,630-J-bug-16885448-16885458
219,289-B-bug-4082382-4082392,289,B,4082382,4082392,DCCR,WRONG_ANSWER,string,289-B-bug-4082382-4082392
220,143-A-bug-13549283-13549295,143,A,13549283,13549295,DCCR,WRONG_ANSWER,DIFFOUT|Loop|If|Printf,143-A-bug-13549283-13549295
221,578-A-bug-13134845-13134870,578,A,13134845,13134870,DCCR,WRONG_ANSWER,DIFFOUT|floatingpoint|If|Else|Printf,578-A-bug-13134845-13134870
222,578-A-bug-13134830-13134870,578,A,13134830,13134870,DCCR,WRONG_ANSWER,DIFFOUT|floatingpoint|If|Else|Printf,578-A-bug-13134830-13134870
223,496-B-bug-11341123-11341181,496,B,11341123,11341181,DCCR,WRONG_ANSWER,DIFFOUT|Loop|If|Size,496-B-bug-11341123-11341181
224,658-C-bug-16998123-16998228,658,C,16998123,16998228,DCCR,WRONG_ANSWER,DIFFOUT|Loop|If|Else,658-C-bug-16998123-16998228
225,165-B-bug-11900403-11900412,165,B,11900403,11900412,DCCR,WRONG_ANSWER,DIFFOUT|Loop|If,165-B-bug-11900403-11900412
226,490-B-bug-11009648-11009654,490,B,11009648,11009654,DCCR,RUNTIME_ERROR,DIFFOUT|Define,490-B-bug-11009648-11009654
227,546-D-bug-11891609-11891769,546,D,11891609,11891769,DCCR,WRONG_ANSWER,DIFFOUT|Loop|If,546-D-bug-11891609-11891769
228,304-A-bug-14290012-14290016,304,A,14290012,14290016,DCCR,TIME_LIMIT_EXCEEDED,string,304-A-bug-14290012-14290016
229,225-A-bug-2235327-2235330,225,A,2235327,2235330,DCCR,WRONG_ANSWER,string,225-A-bug-2235327-2235330
230,637-A-bug-16747066-16747205,637,A,16747066,16747205,DCCR,WRONG_ANSWER,DIFFOUT|Loop|If,637-A-bug-16747066-16747205
231,47-A-bug-17260366-17260380,47,A,17260366,17260380,DCCR,WRONG_ANSWER,string,47-A-bug-17260366-17260380
232,47-A-bug-16672494-16672523,47,A,16672494,16672523,DCCR,WRONG_ANSWER,string,47-A-bug-16672494-16672523
233,599-B-bug-15615019-15615020,599,B,15615019,15615020,DCCR,WRONG_ANSWER,DIFFOUT|If,599-B-bug-15615019-15615020
234,245-A-bug-3324361-3324366,245,A,3324361,3324366,DCCR,WRONG_ANSWER,string,245-A-bug-3324361-3324366
235,78-A-bug-17026157-17026164,78,A,17026157,17026164,DCCR,WRONG_ANSWER,string,78-A-bug-17026157-17026164
236,78-A-bug-13814982-13814989,78,A,13814982,13814989,DCCR,WRONG_ANSWER,string,78-A-bug-13814982-13814989
237,366-A-bug-12229092-12229103,366,A,12229092,12229103,DCCR,WRONG_ANSWER,FunCall|SIDE-EFFECT,366-A-bug-12229092-12229103
238,216-A-bug-12677176-12677205,216,A,12677176,12677205,DCCR,WRONG_ANSWER,bitwise|bitwise,216-A-bug-12677176-12677205
239,216-A-bug-9879753-9880150,216,A,9879753,9880150,DCCR,WRONG_ANSWER,SIDE-EFFECT,216-A-bug-9879753-9880150
240,216-A-bug-9879712-9880150,216,A,9879712,9880150,DCCR,WRONG_ANSWER,SIDE-EFFECT,216-A-bug-9879712-9880150
241,216-A-bug-9879672-9880150,216,A,9879672,9880150,DCCR,WRONG_ANSWER,SIDE-EFFECT,216-A-bug-9879672-9880150
242,607-A-bug-15282572-15282604,607,A,15282572,15282604,DCCR,WRONG_ANSWER,DIFFOUT|Loop|If|Else,607-A-bug-15282572-15282604
243,295-A-bug-14739525-14748349,295,A,14739525,14748349,DCCR,TIME_LIMIT_EXCEEDED,DIFFOUT|Define,295-A-bug-14739525-14748349
244,371-A-bug-5449075-5449090,371,A,5449075,5449090,DCCR,WRONG_ANSWER,Involves-+=or-=or*=,371-A-bug-5449075-5449090
245,46-A-bug-16431297-16431329,46,A,16431297,16431329,DCCR,WRONG_ANSWER,DIFFOUT|Loop|If,46-A-bug-16431297-16431329
246,46-A-bug-5782659-5782666,46,A,5782659,5782666,DCCR,WRONG_ANSWER,DIFFOUT|If|Printf,46-A-bug-5782659-5782666
247,312-A-bug-9604953-9604989,312,A,9604953,9604989,DCCR,WRONG_ANSWER,string,312-A-bug-9604953-9604989
248,312-A-bug-7803048-7803148,312,A,7803048,7803148,DCCR,WRONG_ANSWER,string,312-A-bug-7803048-7803148
249,670-D1-bug-17917073-17917152,670,D1,17917073,17917152,DCCR,WRONG_ANSWER,DIFFOUT|Loop|Loop|If,670-D1-bug-17917073-17917152
250,677-C-bug-18281182-18281188,677,C,18281182,18281188,DCCR,WRONG_ANSWER,string,677-C-bug-18281182-18281188
251,363-C-bug-13754002-13754097,363,C,13754002,13754097,DCCR,WRONG_ANSWER,DIFFOUT|If,363-C-bug-13754002-13754097
252,628-A-bug-16586442-16586499,628,A,16586442,16586499,DCCR,WRONG_ANSWER,SIDE-EFFECT,628-A-bug-16586442-16586499
253,495-B-bug-14552810-14552853,495,B,14552810,14552853,DCCR,WRONG_ANSWER,FunCall,495-B-bug-14552810-14552853
254,569-C-bug-12481867-12481905,569,C,12481867,12481905,DCCR,WRONG_ANSWER,DIFFOUT|Define,569-C-bug-12481867-12481905
255,282-C-bug-15737850-15737873,282,C,15737850,15737873,DCCR,WRONG_ANSWER,DIFFOUT|If|Else|Printf,282-C-bug-15737850-15737873
256,282-C-bug-15737832-15737873,282,C,15737832,15737873,DCCR,WRONG_ANSWER,DIFFOUT|If|Else|Printf,282-C-bug-15737832-15737873
257,12-A-bug-14196802-14196811,12,A,14196802,14196811,DCCR,WRONG_ANSWER,DIFFOUT|Loop|If|Else|Printf,12-A-bug-14196802-14196811
258,298-A-bug-17564161-17564303,298,A,17564161,17564303,DCCR,WRONG_ANSWER,DIFFOUT|If|Else|Printf,298-A-bug-17564161-17564303
259,298-A-bug-5928224-5928235,298,A,5928224,5928235,DCCR,WRONG_ANSWER,DIFFOUT|If,298-A-bug-5928224-5928235
260,49-A-bug-14244702-14244718,49,A,14244702,14244718,DCCR,WRONG_ANSWER,string,49-A-bug-14244702-14244718
261,289-A-bug-14199447-14199476,289,A,14199447,14199476,DCCR,WRONG_ANSWER,string,289-A-bug-14199447-14199476
262,370-A-bug-13131294-13131325,370,A,13131294,13131325,DCCR,WRONG_ANSWER,DIFFOUT|If|Else,370-A-bug-13131294-13131325
263,543-A-bug-11188983-11189003,543,A,11188983,11189003,DCCR,WRONG_ANSWER,DIFFOUT|Involves-+=or-=or*=|Loop|Loop,543-A-bug-11188983-11189003
264,586-C-bug-13615252-13615263,586,C,13615252,13615263,DCCR,TIME_LIMIT_EXCEEDED,string,586-C-bug-13615252-13615263
265,420-A-bug-14171953-14171970,420,A,14171953,14171970,DCCR,WRONG_ANSWER,string,420-A-bug-14171953-14171970
266,99-A-bug-17091391-17091404,99,A,17091391,17091404,DCCR,WRONG_ANSWER,string,99-A-bug-17091391-17091404
267,99-A-bug-2038413-2038417,99,A,2038413,2038417,DCCR,WRONG_ANSWER,string,99-A-bug-2038413-2038417
268,99-A-bug-1846295-1846297,99,A,1846295,1846297,DCCR,WRONG_ANSWER,string,99-A-bug-1846295-1846297
269,332-A-bug-4324852-4324866,332,A,4324852,4324866,DCCR,WRONG_ANSWER,DIFFOUT|Loop|If,332-A-bug-4324852-4324866
270,284-A-bug-17986776-17986843,284,A,17986776,17986843,DCCR,WRONG_ANSWER,DIFFOUT|Loop|Printf,284-A-bug-17986776-17986843
271,284-A-bug-16227020-16227051,284,A,16227020,16227051,DCCR,WRONG_ANSWER,string,284-A-bug-16227020-16227051
272,284-A-bug-14681239-14681253,284,A,14681239,14681253,DCCR,WRONG_ANSWER,DIFFOUT|Loop,284-A-bug-14681239-14681253
273,493-D-bug-13255641-13255660,493,D,13255641,13255660,DCCR,WRONG_ANSWER,string,493-D-bug-13255641-13255660
274,493-D-bug-8986717-8986720,493,D,8986717,8986720,DCCR,WRONG_ANSWER,string,493-D-bug-8986717-8986720
275,284-A-bug-3415239-3415277,284,A,3415239,3415277,DCCR,WRONG_ANSWER,DIFFOUT|Loop,284-A-bug-3415239-3415277
276,527-B-bug-16656510-16656574,527,B,16656510,16656574,DCCR,WRONG_ANSWER,string,527-B-bug-16656510-16656574
277,368-C-bug-5250850-5251229,368,C,5250850,5251229,DCCR,WRONG_ANSWER,DIFFOUT|If|Else|Printf,368-C-bug-5250850-5251229
278,520-C-bug-10109473-10109746,520,C,10109473,10109746,DCCR,WRONG_ANSWER,ArrayAccess|Involves-+=or-=or*=,520-C-bug-10109473-10109746
279,118-D-bug-989666-989669,118,D,989666,989669,DCCR,WRONG_ANSWER,DIFFOUT|Involves-+=or-=or*=|Printf,118-D-bug-989666-989669
280,337-B-bug-6149534-6149706,337,B,6149534,6149706,DCCR,WRONG_ANSWER,string,337-B-bug-6149534-6149706
281,337-B-bug-6149526-6149706,337,B,6149526,6149706,DCCR,WRONG_ANSWER,string,337-B-bug-6149526-6149706
282,437-B-bug-7809114-7809175,437,B,7809114,7809175,DCCR,WRONG_ANSWER,DIFFOUT|struct|Define,437-B-bug-7809114-7809175
283,7-A-bug-5271056-5284201,7,A,5271056,5284201,DCCR,WRONG_ANSWER,string,7-A-bug-5271056-5284201
284,136-B-bug-3414703-3414706,136,B,3414703,3414706,DCCR,WRONG_ANSWER,DIFFOUT|Loop,136-B-bug-3414703-3414706
285,74-A-bug-7737296-7737317,74,A,7737296,7737317,DCCR,WRONG_ANSWER,DIFFOUT|Loop,74-A-bug-7737296-7737317
286,74-A-bug-1808756-1808772,74,A,1808756,1808772,DCCR,WRONG_ANSWER,DIFFOUT|Loop,74-A-bug-1808756-1808772
287,292-B-bug-9811451-9811523,292,B,9811451,9811523,DCCR,WRONG_ANSWER,DIFFOUT|Loop|If|Printf,292-B-bug-9811451-9811523
288,292-B-bug-5741414-5741424,292,B,5741414,5741424,DCCR,WRONG_ANSWER,string,292-B-bug-5741414-5741424
289,56-A-bug-4205359-4205373,56,A,4205359,4205373,DCCR,WRONG_ANSWER,string,56-A-bug-4205359-4205373
290,31-A-bug-13602848-13602872,31,A,13602848,13602872,DCCR,WRONG_ANSWER,DIFFOUT|Loop|If,31-A-bug-13602848-13602872
291,104-C-bug-7622744-7622748,104,C,7622744,7622748,DCCR,WRONG_ANSWER,string,104-C-bug-7622744-7622748
292,151-B-bug-9213333-9213345,151,B,9213333,9213345,DCCR,WRONG_ANSWER,string|If,151-B-bug-9213333-9213345
293,670-D2-bug-17917943-17917968,670,D2,17917943,17917968,DCCR,WRONG_ANSWER,DIFFOUT|If|Else|Printf,670-D2-bug-17917943-17917968
294,233-B-bug-4947545-4947552,233,B,4947545,4947552,DCCR,WRONG_ANSWER,string,233-B-bug-4947545-4947552
295,371-C-bug-5402669-5402672,371,C,5402669,5402672,DCCR,WRONG_ANSWER,SIDE-EFFECT,371-C-bug-5402669-5402672
296,371-C-bug-5402667-5402672,371,C,5402667,5402672,DCCR,WRONG_ANSWER,SIDE-EFFECT,371-C-bug-5402667-5402672
297,43-B-bug-2629143-2629156,43,B,2629143,2629156,DCCR,RUNTIME_ERROR,DIFFOUT|If|Printf,43-B-bug-2629143-2629156
298,246-D-bug-16395260-16395271,246,D,16395260,16395271,DCCR,WRONG_ANSWER,ArrayAccess,246-D-bug-16395260-16395271
299,246-D-bug-16395254-16395271,246,D,16395254,16395271,DCCR,WRONG_ANSWER,ArrayAccess,246-D-bug-16395254-16395271
300,673-B-bug-17793506-17793622,673,B,17793506,17793622,DCCR,WRONG_ANSWER,DIFFOUT|Loop|If|Else|Printf,673-B-bug-17793506-17793622
