id,population,certificate_bytes,full_certificate_bytes,check_ms,checked_cells,full_proof_cells
fixture-01-overfit,fixture,667,12193,0.433931,30,2430
fixture-01-regression,fixture,672,12728,0.401482,31,2511
fixture-01-undefined,fixture,659,14118,0.372449,34,2754
fixture-02-overfit,fixture,667,13265,0.4202,29,2349
fixture-02-regression,fixture,672,13800,0.425668,30,2430
fixture-02-undefined,fixture,659,13351,0.355864,30,2430
fixture-03-overfit,fixture,667,12799,0.468753,31,2511
fixture-03-regression,fixture,672,13333,0.447962,32,2592
fixture-03-undefined,fixture,659,14706,0.387642,35,2835
fixture-04-overfit,fixture,667,12355,0.411878,30,2430
fixture-04-regression,fixture,672,12890,0.459479,31,2511
fixture-04-undefined,fixture,659,14280,0.362714,34,2754
fixture-05-overfit,fixture,667,12988,0.409374,31,2511
fixture-05-regression,fixture,672,13522,0.409404,32,2592
fixture-05-undefined,fixture,659,14913,0.505528,35,2835
fixture-06-overfit,fixture,667,12193,0.391137,30,2430
fixture-06-regression,fixture,672,12728,0.414071,31,2511
fixture-06-undefined,fixture,659,14118,0.394281,34,2754
fixture-07-overfit,fixture,685,18027,0.42011,31,2511
fixture-07-regression,fixture,699,18642,0.406199,32,2592
fixture-07-undefined,fixture,677,18818,0.398568,35,2835
fixture-08-overfit,fixture,685,18438,0.435623,34,2754
fixture-08-regression,fixture,699,19925,0.436054,36,2916
fixture-08-undefined,fixture,677,19391,0.37374,38,3078
fixture-09-overfit,fixture,667,19133,0.46048,46,3726
fixture-09-regression,fixture,672,19685,0.50053,47,3807
fixture-09-undefined,fixture,659,18546,0.420491,45,3645
fixture-10-overfit,fixture,667,19619,0.529744,46,3726
fixture-10-regression,fixture,672,20171,0.484877,47,3807
fixture-10-undefined,fixture,659,19086,0.524226,45,3645
fixture-11-overfit,fixture,667,18043,0.503314,41,3321
fixture-11-regression,fixture,672,18595,0.545958,42,3402
fixture-11-undefined,fixture,659,16090,0.477536,37,2997
fixture-12-overfit,fixture,667,18241,0.424606,41,3321
fixture-12-regression,fixture,672,18793,0.459329,42,3402
fixture-12-undefined,fixture,659,16306,0.379219,37,2997
fixture-13-overfit,fixture,673,14829,0.485878,34,2754
fixture-13-regression,fixture,678,15363,0.462474,35,2835
fixture-13-undefined,fixture,659,17803,0.441191,40,3240
fixture-14-overfit,fixture,673,14343,0.465638,34,2754
fixture-14-regression,fixture,678,14877,0.572198,35,2835
fixture-14-undefined,fixture,659,17317,0.521552,40,3240
fixture-15-overfit,fixture,673,14199,0.502574,33,2673
fixture-15-regression,fixture,678,14733,0.540771,34,2754
fixture-15-undefined,fixture,659,15736,0.534712,36,2916
fixture-16-overfit,fixture,673,19645,0.498117,44,3564
fixture-16-regression,fixture,678,20197,0.512678,45,3645
fixture-16-undefined,fixture,659,18750,0.470755,42,3402
fixture-17-overfit,fixture,673,21790,0.689724,50,4050
fixture-17-regression,fixture,678,22342,0.74691,51,4131
fixture-17-undefined,fixture,659,21393,0.931727,49,3969
fixture-18-overfit,fixture,673,15016,0.63342,37,2997
fixture-18-regression,fixture,678,15550,0.608011,38,3078
fixture-18-undefined,fixture,659,17637,0.553801,42,3402
fixture-19-overfit,fixture,667,12191,0.415543,30,2430
fixture-19-regression,fixture,672,12726,0.421582,31,2511
fixture-19-undefined,fixture,659,12682,0.371507,31,2511
fixture-20-overfit,fixture,673,13825,0.519569,34,2754
fixture-20-regression,fixture,678,14359,0.7065,35,2835
fixture-20-undefined,fixture,659,15363,0.563755,37,2997
stress-002-overfit,stress,667,14907,0.475493,40,3240
stress-003-regression,stress,672,15173,0.508012,40,3240
stress-004-undefined,stress,659,17308,0.545187,44,3564
stress-006-overfit,stress,667,15172,0.496424,40,3240
stress-007-regression,stress,672,15227,0.50673,40,3240
stress-008-undefined,stress,659,17401,0.474702,44,3564
stress-010-overfit,stress,667,15098,0.498016,39,3159
stress-011-regression,stress,672,15604,0.506079,41,3321
stress-012-undefined,stress,659,16538,0.453671,43,3483
stress-014-overfit,stress,667,14068,0.496404,38,3078
stress-015-regression,stress,672,15307,0.484296,40,3240
stress-016-undefined,stress,659,16834,0.516385,44,3564
stress-018-overfit,stress,667,14937,0.578557,39,3159
stress-019-regression,stress,672,15470,0.470275,40,3240
stress-020-undefined,stress,659,16456,0.59331,43,3483
stress-022-overfit,stress,667,15266,0.509094,39,3159
stress-023-regression,stress,672,14941,0.51353,39,3159
stress-024-undefined,stress,659,16457,0.476524,43,3483
stress-026-overfit,stress,667,15703,0.479269,40,3240
stress-027-regression,stress,672,14993,0.529123,40,3240
stress-028-undefined,stress,659,16942,0.454061,44,3564
stress-030-overfit,stress,667,15514,0.511477,38,3078
stress-031-regression,stress,672,15593,0.502334,40,3240
stress-032-undefined,stress,659,16942,0.492809,44,3564
stress-034-overfit,stress,667,14780,0.54639,39,3159
stress-035-regression,stress,672,15834,0.516084,40,3240
stress-036-undefined,stress,659,16027,0.50018,42,3402
stress-038-overfit,stress,667,15015,0.476465,40,3240
stress-039-regression,stress,672,16481,0.474121,41,3321
stress-040-undefined,stress,659,16472,0.47336,43,3483
stress-042-overfit,stress,667,14907,0.475333,40,3240
stress-043-regression,stress,672,16577,0.499219,41,3321
stress-044-undefined,stress,659,17279,0.545818,44,3564
stress-046-overfit,stress,667,15070,0.54063,40,3240
stress-047-regression,stress,672,15117,0.478397,39,3159
stress-048-undefined,stress,659,17437,0.449725,44,3564
stress-050-overfit,stress,667,15178,0.477556,40,3240
stress-051-regression,stress,672,15658,0.471127,41,3321
stress-052-undefined,stress,659,17431,0.47316,43,3483
stress-054-overfit,stress,667,15151,0.497286,40,3240
stress-055-regression,stress,672,15495,0.563455,41,3321
stress-056-undefined,stress,659,16806,0.5531,43,3483
stress-058-overfit,stress,667,14297,0.482313,38,3078
stress-059-regression,stress,672,15495,0.54645,41,3321
stress-060-undefined,stress,659,16779,0.448823,44,3564
stress-062-overfit,stress,667,14593,0.480611,39,3159
stress-063-regression,stress,672,15848,0.575373,41,3321
stress-064-undefined,stress,659,16511,0.441653,43,3483
stress-066-overfit,stress,667,14527,0.505468,39,3159
stress-067-regression,stress,672,15026,0.492248,40,3240
stress-068-undefined,stress,659,16619,0.457476,43,3483
stress-070-overfit,stress,667,15853,0.803775,40,3240
stress-071-regression,stress,672,15043,0.61981,40,3240
stress-072-undefined,stress,659,16618,0.467631,43,3483
stress-074-overfit,stress,667,16206,0.477225,40,3240
stress-075-regression,stress,672,14977,0.502753,39,3159
stress-076-undefined,stress,659,16915,0.483776,44,3564
stress-078-overfit,stress,667,15042,0.510325,39,3159
stress-079-regression,stress,672,15185,0.497085,40,3240
stress-080-undefined,stress,659,16519,0.492849,43,3483
stress-082-overfit,stress,667,15151,0.48026,40,3240
stress-083-regression,stress,672,16468,0.534071,41,3321
stress-084-undefined,stress,659,16816,0.448913,44,3564
stress-086-overfit,stress,667,14801,0.498187,39,3159
stress-087-regression,stress,672,16577,0.48682,41,3321
stress-088-undefined,stress,659,16186,0.499139,42,3402
stress-090-overfit,stress,667,15124,0.507051,40,3240
stress-091-regression,stress,672,15556,0.48004,40,3240
stress-092-undefined,stress,659,16199,0.4734,42,3402
stress-094-overfit,stress,667,14851,0.521863,39,3159
stress-095-regression,stress,672,15551,0.582844,40,3240
stress-096-undefined,stress,659,17511,0.483826,43,3483
stress-098-overfit,stress,667,15027,0.514251,39,3159
stress-099-regression,stress,672,15549,0.507311,41,3321
stress-100-undefined,stress,659,16616,0.471677,43,3483
stress-102-overfit,stress,667,14719,0.512298,39,3159
stress-103-regression,stress,672,15189,0.478788,39,3159
stress-104-undefined,stress,659,16700,0.444046,43,3483
stress-106-overfit,stress,667,14746,0.57402,39,3159
stress-107-regression,stress,672,15974,1.028492,41,3321
stress-108-undefined,stress,659,17078,0.447421,44,3564
stress-110-overfit,stress,667,14907,0.472648,40,3240
stress-111-regression,stress,672,15118,0.531166,40,3240
stress-112-undefined,stress,659,16978,0.590486,44,3564
stress-114-overfit,stress,667,14770,0.511357,39,3159
stress-115-regression,stress,672,15227,0.539258,40,3240
stress-116-undefined,stress,659,16938,0.75384,44,3564
stress-118-overfit,stress,667,14988,0.506339,39,3159
stress-119-regression,stress,672,15553,0.511096,41,3321
stress-120-undefined,stress,659,16863,0.442203,43,3483
stress-122-overfit,stress,667,14810,0.502714,39,3159
stress-123-regression,stress,672,15495,0.506149,41,3321
stress-124-undefined,stress,659,16654,0.460491,43,3483
stress-126-overfit,stress,667,14937,0.502404,39,3159
stress-127-regression,stress,672,15332,0.48056,40,3240
stress-128-undefined,stress,659,16671,0.555092,44,3564
stress-130-overfit,stress,667,15314,0.591828,40,3240
stress-131-regression,stress,672,15519,0.485698,40,3240
stress-132-undefined,stress,659,16457,0.45299,43,3483
stress-134-overfit,stress,667,15355,0.490215,40,3240
stress-135-regression,stress,672,15631,0.507361,40,3240
stress-136-undefined,stress,659,16876,0.444947,44,3564
stress-138-overfit,stress,667,15232,0.585919,39,3159
stress-139-regression,stress,672,15685,0.482293,41,3321
stress-140-undefined,stress,659,16753,0.531437,43,3483
stress-142-overfit,stress,667,15872,0.536484,40,3240
stress-143-regression,stress,672,15549,0.48042,40,3240
stress-144-undefined,stress,659,15869,0.452589,42,3402
stress-146-overfit,stress,667,14800,0.478888,39,3159
stress-147-regression,stress,672,16196,0.532769,41,3321
stress-148-undefined,stress,659,17078,0.45315,44,3564
stress-150-overfit,stress,667,14907,0.481592,40,3240
stress-151-regression,stress,672,16366,0.514241,41,3321
stress-152-undefined,stress,659,17114,0.461863,44,3564
stress-154-overfit,stress,667,14693,0.476214,39,3159
stress-155-regression,stress,672,15220,0.484947,40,3240
stress-156-undefined,stress,659,17131,0.46047,44,3564
stress-158-overfit,stress,667,15124,0.484546,40,3240
stress-159-regression,stress,672,15529,0.604867,41,3321
stress-160-undefined,stress,659,17187,0.48024,43,3483
stress-162-overfit,stress,667,15151,0.499889,40,3240
stress-163-regression,stress,672,15604,0.583596,41,3321
stress-164-undefined,stress,659,17582,0.485508,44,3564
stress-166-overfit,stress,667,13955,0.508853,37,2997
stress-167-regression,stress,672,15226,0.490536,40,3240
stress-168-undefined,stress,659,16321,0.464296,42,3402
stress-170-overfit,stress,667,14552,0.476745,39,3159
stress-171-regression,stress,672,15335,0.532498,40,3240
stress-172-undefined,stress,659,16671,0.496234,44,3564
stress-174-overfit,stress,667,15280,0.471267,40,3240
stress-175-regression,stress,672,15848,0.532809,41,3321
stress-176-undefined,stress,659,16619,0.445408,43,3483
stress-178-overfit,stress,667,15610,0.501922,40,3240
stress-179-regression,stress,672,14775,0.479309,39,3159
stress-180-undefined,stress,659,16888,0.45371,44,3564
stress-182-overfit,stress,667,16046,0.5199,40,3240
stress-183-regression,stress,672,14754,0.478968,39,3159
stress-184-undefined,stress,659,16915,0.444516,44,3564
stress-186-overfit,stress,667,15876,0.501242,39,3159
stress-187-regression,stress,672,16172,0.497967,41,3321
stress-188-undefined,stress,659,15921,0.469554,42,3402
stress-190-overfit,stress,667,14799,0.473119,39,3159
stress-191-regression,stress,672,16372,0.502674,41,3321
stress-192-undefined,stress,659,16411,0.48,43,3483
stress-194-overfit,stress,667,14747,0.801382,39,3159
stress-195-regression,stress,672,16577,0.500421,41,3321
stress-196-undefined,stress,659,16270,0.448973,43,3483
stress-198-overfit,stress,667,15070,0.488944,40,3240
stress-199-regression,stress,672,15486,0.484857,40,3240
stress-200-undefined,stress,659,17091,0.455704,43,3483
stress-202-overfit,stress,667,14773,0.501682,39,3159
stress-203-regression,stress,672,15712,0.486921,41,3321
stress-204-undefined,stress,659,17648,0.488513,44,3564
stress-206-overfit,stress,667,15151,0.507151,40,3240
stress-207-regression,stress,672,15495,0.509084,41,3321
stress-208-undefined,stress,659,17402,0.447972,43,3483
stress-210-overfit,stress,667,14663,0.496945,39,3159
stress-211-regression,stress,672,15012,0.532548,39,3159
stress-212-undefined,stress,659,16699,0.444937,43,3483
stress-214-overfit,stress,667,14648,0.499318,39,3159
stress-215-regression,stress,672,15712,0.476144,41,3321
stress-216-undefined,stress,659,16942,0.486029,44,3564
stress-218-overfit,stress,667,14386,0.568503,38,3078
stress-219-regression,stress,672,15712,0.507331,41,3321
stress-220-undefined,stress,659,16888,0.481833,44,3564
stress-222-overfit,stress,667,14298,0.518448,38,3078
stress-223-regression,stress,672,15122,0.504877,40,3240
stress-224-undefined,stress,659,16725,0.442304,44,3564
stress-226-overfit,stress,667,16070,0.503975,40,3240
stress-227-regression,stress,672,15442,0.486579,41,3321
stress-228-undefined,stress,659,16701,0.478007,43,3483
stress-230-overfit,stress,667,16043,0.50689,40,3240
stress-231-regression,stress,672,15333,0.480871,40,3240
stress-232-undefined,stress,659,16400,0.476023,43,3483
stress-234-overfit,stress,667,14720,0.494692,38,3078
stress-235-regression,stress,672,15241,0.534972,40,3240
stress-236-undefined,stress,659,16626,0.442503,44,3564
stress-238-overfit,stress,667,15314,0.505878,40,3240
stress-239-regression,stress,672,16363,0.481041,40,3240
stress-240-undefined,stress,659,16450,0.474902,43,3483
stress-242-overfit,stress,667,14854,0.474271,39,3159
stress-243-regression,stress,672,15333,0.471788,39,3159
stress-244-undefined,stress,659,16534,0.446229,43,3483
stress-246-overfit,stress,667,14818,0.476785,39,3159
stress-247-regression,stress,672,15685,0.511467,41,3321
stress-248-undefined,stress,659,16652,0.475303,43,3483
stress-250-overfit,stress,667,15494,0.52685,40,3240
stress-251-regression,stress,672,15471,0.504016,40,3240
stress-252-undefined,stress,659,17645,0.506549,44,3564
stress-254-overfit,stress,667,14651,0.478498,39,3159
stress-255-regression,stress,672,15766,0.5267,41,3321
stress-256-undefined,stress,659,16485,0.533119,42,3402
stress-258-overfit,stress,667,14856,0.503605,40,3240
stress-259-regression,stress,672,15637,0.478658,40,3240
stress-260-undefined,stress,659,17078,0.447481,44,3564
stress-262-overfit,stress,667,14693,0.499489,39,3159
stress-263-regression,stress,672,16006,0.504256,41,3321
stress-264-undefined,stress,659,16951,0.467882,44,3564
stress-266-overfit,stress,667,15070,0.469033,40,3240
stress-267-regression,stress,672,15234,0.523826,40,3240
stress-268-undefined,stress,659,16727,0.46725,43,3483
stress-270-overfit,stress,667,14826,0.500211,39,3159
stress-271-regression,stress,672,15604,0.482714,41,3321
stress-272-undefined,stress,659,17372,0.477356,44,3564
stress-274-overfit,stress,667,14849,0.477165,39,3159
stress-275-regression,stress,672,15226,0.475473,40,3240
stress-276-undefined,stress,659,16399,0.442133,43,3483
stress-278-overfit,stress,667,15092,0.471888,39,3159
stress-279-regression,stress,672,15281,0.502754,40,3240
stress-280-undefined,stress,659,16671,0.445377,44,3564
stress-282-overfit,stress,667,15314,0.510275,40,3240
stress-283-regression,stress,672,15631,0.504978,40,3240
stress-284-undefined,stress,659,16595,0.480681,43,3483
stress-286-overfit,stress,667,15277,0.475914,40,3240
stress-287-regression,stress,672,14732,0.54713,39,3159
stress-288-undefined,stress,659,16834,0.455273,44,3564
stress-290-overfit,stress,667,15279,0.558187,39,3159
stress-291-regression,stress,672,15470,0.509804,40,3240
stress-292-undefined,stress,659,16779,0.472669,44,3564
stress-294-overfit,stress,667,15827,0.48008,40,3240
stress-295-regression,stress,672,15902,0.507601,41,3321
stress-296-undefined,stress,659,16485,0.449914,42,3402
stress-298-overfit,stress,667,14707,0.507932,39,3159
stress-299-regression,stress,672,16118,0.488152,41,3321
stress-300-undefined,stress,659,16067,0.476825,42,3402
