population,id,method,milliseconds
fixture,fixture-01-correct,produce,1.584917
fixture,fixture-01-correct,proof-check,1.825647
fixture,fixture-01-correct,topological-direct,1.127511
fixture,fixture-01-correct,session-direct-result,1.135884
fixture,fixture-01-correct,certificate-rebuild,4.88188
fixture,fixture-01-overfit,produce,1.432488
fixture,fixture-01-overfit,proof-check,3.944445
fixture,fixture-01-overfit,topological-direct,1.464777
fixture,fixture-01-overfit,session-direct-result,0.837807
fixture,fixture-01-overfit,one-point-refutation,0.433931
fixture,fixture-01-regression,produce,1.556885
fixture,fixture-01-regression,proof-check,2.128472
fixture,fixture-01-regression,topological-direct,1.464826
fixture,fixture-01-regression,session-direct-result,1.12693
fixture,fixture-01-regression,one-point-refutation,0.401482
fixture,fixture-01-undefined,produce,1.624876
fixture,fixture-01-undefined,proof-check,2.284726
fixture,fixture-01-undefined,topological-direct,1.632748
fixture,fixture-01-undefined,session-direct-result,0.705598
fixture,fixture-01-undefined,one-point-refutation,0.372449
fixture,fixture-02-correct,produce,1.074691
fixture,fixture-02-correct,proof-check,1.478167
fixture,fixture-02-correct,topological-direct,0.948282
fixture,fixture-02-correct,session-direct-result,1.029103
fixture,fixture-02-correct,certificate-rebuild,3.889031
fixture,fixture-02-overfit,produce,1.385568
fixture,fixture-02-overfit,proof-check,1.992137
fixture,fixture-02-overfit,topological-direct,1.322994
fixture,fixture-02-overfit,session-direct-result,0.948583
fixture,fixture-02-overfit,one-point-refutation,0.4202
fixture,fixture-02-regression,produce,1.425798
fixture,fixture-02-regression,proof-check,2.055863
fixture,fixture-02-regression,topological-direct,1.396855
fixture,fixture-02-regression,session-direct-result,1.037936
fixture,fixture-02-regression,one-point-refutation,0.425668
fixture,fixture-02-undefined,produce,1.395452
fixture,fixture-02-undefined,proof-check,1.971106
fixture,fixture-02-undefined,topological-direct,1.331857
fixture,fixture-02-undefined,session-direct-result,0.622623
fixture,fixture-02-undefined,one-point-refutation,0.355864
fixture,fixture-03-correct,produce,1.197516
fixture,fixture-03-correct,proof-check,1.832298
fixture,fixture-03-correct,topological-direct,1.237706
fixture,fixture-03-correct,session-direct-result,1.103906
fixture,fixture-03-correct,certificate-rebuild,5.845856
fixture,fixture-03-overfit,produce,1.450225
fixture,fixture-03-overfit,proof-check,2.122642
fixture,fixture-03-overfit,topological-direct,1.412789
fixture,fixture-03-overfit,session-direct-result,0.903064
fixture,fixture-03-overfit,one-point-refutation,0.468753
fixture,fixture-03-regression,produce,1.504527
fixture,fixture-03-regression,proof-check,2.181962
fixture,fixture-03-regression,topological-direct,1.486629
fixture,fixture-03-regression,session-direct-result,1.249764
fixture,fixture-03-regression,one-point-refutation,0.447962
fixture,fixture-03-undefined,produce,1.786829
fixture,fixture-03-undefined,proof-check,2.435302
fixture,fixture-03-undefined,topological-direct,1.5937
fixture,fixture-03-undefined,session-direct-result,0.653029
fixture,fixture-03-undefined,one-point-refutation,0.387642
fixture,fixture-04-correct,produce,1.150395
fixture,fixture-04-correct,proof-check,1.644336
fixture,fixture-04-correct,topological-direct,1.091246
fixture,fixture-04-correct,session-direct-result,1.067541
fixture,fixture-04-correct,certificate-rebuild,4.761079
fixture,fixture-04-overfit,produce,1.430926
fixture,fixture-04-overfit,proof-check,2.235312
fixture,fixture-04-overfit,topological-direct,1.435582
fixture,fixture-04-overfit,session-direct-result,1.045828
fixture,fixture-04-overfit,one-point-refutation,0.411878
fixture,fixture-04-regression,produce,2.193099
fixture,fixture-04-regression,proof-check,2.193148
fixture,fixture-04-regression,topological-direct,1.426349
fixture,fixture-04-regression,session-direct-result,1.020841
fixture,fixture-04-regression,one-point-refutation,0.459479
fixture,fixture-04-undefined,produce,1.482402
fixture,fixture-04-undefined,proof-check,2.446779
fixture,fixture-04-undefined,topological-direct,1.596354
fixture,fixture-04-undefined,session-direct-result,0.587171
fixture,fixture-04-undefined,one-point-refutation,0.362714
fixture,fixture-05-correct,produce,1.341121
fixture,fixture-05-correct,proof-check,1.772718
fixture,fixture-05-correct,topological-direct,1.224386
fixture,fixture-05-correct,session-direct-result,1.085647
fixture,fixture-05-correct,certificate-rebuild,5.838495
fixture,fixture-05-overfit,produce,1.456243
fixture,fixture-05-overfit,proof-check,2.084325
fixture,fixture-05-overfit,topological-direct,1.44017
fixture,fixture-05-overfit,session-direct-result,0.862554
fixture,fixture-05-overfit,one-point-refutation,0.409374
fixture,fixture-05-regression,produce,1.538106
fixture,fixture-05-regression,proof-check,2.133339
fixture,fixture-05-regression,topological-direct,1.489453
fixture,fixture-05-regression,session-direct-result,1.579889
fixture,fixture-05-regression,one-point-refutation,0.409404
fixture,fixture-05-undefined,produce,1.547661
fixture,fixture-05-undefined,proof-check,2.632878
fixture,fixture-05-undefined,topological-direct,1.668542
fixture,fixture-05-undefined,session-direct-result,0.657326
fixture,fixture-05-undefined,one-point-refutation,0.505528
fixture,fixture-06-correct,produce,1.295182
fixture,fixture-06-correct,proof-check,1.71402
fixture,fixture-06-correct,topological-direct,1.159889
fixture,fixture-06-correct,session-direct-result,34.081375
fixture,fixture-06-correct,certificate-rebuild,4.714279
fixture,fixture-06-overfit,produce,1.453189
fixture,fixture-06-overfit,proof-check,2.003944
fixture,fixture-06-overfit,topological-direct,1.352387
fixture,fixture-06-overfit,session-direct-result,0.903124
fixture,fixture-06-overfit,one-point-refutation,0.391137
fixture,fixture-06-regression,produce,1.427751
fixture,fixture-06-regression,proof-check,2.131387
fixture,fixture-06-regression,topological-direct,1.402012
fixture,fixture-06-regression,session-direct-result,1.492498
fixture,fixture-06-regression,one-point-refutation,0.414071
fixture,fixture-06-undefined,produce,1.489253
fixture,fixture-06-undefined,proof-check,2.335341
fixture,fixture-06-undefined,topological-direct,1.815994
fixture,fixture-06-undefined,session-direct-result,0.603085
fixture,fixture-06-undefined,one-point-refutation,0.394281
fixture,fixture-07-correct,produce,1.238797
fixture,fixture-07-correct,proof-check,1.710124
fixture,fixture-07-correct,topological-direct,1.110565
fixture,fixture-07-correct,session-direct-result,1.010635
fixture,fixture-07-correct,certificate-rebuild,4.818765
fixture,fixture-07-overfit,produce,1.471456
fixture,fixture-07-overfit,proof-check,2.089052
fixture,fixture-07-overfit,topological-direct,1.429454
fixture,fixture-07-overfit,session-direct-result,0.835283
fixture,fixture-07-overfit,one-point-refutation,0.42011
fixture,fixture-07-regression,produce,1.489434
fixture,fixture-07-regression,proof-check,2.146048
fixture,fixture-07-regression,topological-direct,1.4807
fixture,fixture-07-regression,session-direct-result,1.029053
fixture,fixture-07-regression,one-point-refutation,0.406199
fixture,fixture-07-undefined,produce,1.731276
fixture,fixture-07-undefined,proof-check,2.441431
fixture,fixture-07-undefined,topological-direct,1.585388
fixture,fixture-07-undefined,session-direct-result,0.608032
fixture,fixture-07-undefined,one-point-refutation,0.398568
fixture,fixture-08-correct,produce,1.31395
fixture,fixture-08-correct,proof-check,1.883093
fixture,fixture-08-correct,topological-direct,1.1939
fixture,fixture-08-correct,session-direct-result,1.072298
fixture,fixture-08-correct,certificate-rebuild,5.319877
fixture,fixture-08-overfit,produce,1.646129
fixture,fixture-08-overfit,proof-check,2.445467
fixture,fixture-08-overfit,topological-direct,1.582582
fixture,fixture-08-overfit,session-direct-result,0.881872
fixture,fixture-08-overfit,one-point-refutation,0.435623
fixture,fixture-08-regression,produce,1.602844
fixture,fixture-08-regression,proof-check,2.304156
fixture,fixture-08-regression,topological-direct,1.541491
fixture,fixture-08-regression,session-direct-result,1.255032
fixture,fixture-08-regression,one-point-refutation,0.436054
fixture,fixture-08-undefined,produce,1.601081
fixture,fixture-08-undefined,proof-check,2.422412
fixture,fixture-08-undefined,topological-direct,1.643695
fixture,fixture-08-undefined,session-direct-result,0.656214
fixture,fixture-08-undefined,one-point-refutation,0.37374
fixture,fixture-09-correct,produce,1.579329
fixture,fixture-09-correct,proof-check,2.478696
fixture,fixture-09-correct,topological-direct,2.835711
fixture,fixture-09-correct,session-direct-result,1.517365
fixture,fixture-09-correct,certificate-rebuild,16.561704
fixture,fixture-09-overfit,produce,2.207961
fixture,fixture-09-overfit,proof-check,3.235982
fixture,fixture-09-overfit,topological-direct,2.125157
fixture,fixture-09-overfit,session-direct-result,1.530115
fixture,fixture-09-overfit,one-point-refutation,0.46048
fixture,fixture-09-regression,produce,1.978828
fixture,fixture-09-regression,proof-check,3.103394
fixture,fixture-09-regression,topological-direct,2.22086
fixture,fixture-09-regression,session-direct-result,1.42052
fixture,fixture-09-regression,one-point-refutation,0.50053
fixture,fixture-09-undefined,produce,1.963855
fixture,fixture-09-undefined,proof-check,3.159517
fixture,fixture-09-undefined,topological-direct,2.225286
fixture,fixture-09-undefined,session-direct-result,0.663094
fixture,fixture-09-undefined,one-point-refutation,0.420491
fixture,fixture-10-correct,produce,1.585207
fixture,fixture-10-correct,proof-check,2.636814
fixture,fixture-10-correct,topological-direct,1.825983
fixture,fixture-10-correct,session-direct-result,1.347
fixture,fixture-10-correct,certificate-rebuild,16.582305
fixture,fixture-10-overfit,produce,2.069513
fixture,fixture-10-overfit,proof-check,3.444164
fixture,fixture-10-overfit,topological-direct,2.368882
fixture,fixture-10-overfit,session-direct-result,1.711877
fixture,fixture-10-overfit,one-point-refutation,0.529744
fixture,fixture-10-regression,produce,2.119418
fixture,fixture-10-regression,proof-check,3.199157
fixture,fixture-10-regression,topological-direct,2.296554
fixture,fixture-10-regression,session-direct-result,1.370595
fixture,fixture-10-regression,one-point-refutation,0.484877
fixture,fixture-10-undefined,produce,1.929113
fixture,fixture-10-undefined,proof-check,3.292467
fixture,fixture-10-undefined,topological-direct,2.172608
fixture,fixture-10-undefined,session-direct-result,0.716174
fixture,fixture-10-undefined,one-point-refutation,0.524226
fixture,fixture-11-correct,produce,1.246429
fixture,fixture-11-correct,proof-check,1.910175
fixture,fixture-11-correct,topological-direct,1.338056
fixture,fixture-11-correct,session-direct-result,1.271406
fixture,fixture-11-correct,certificate-rebuild,8.072365
fixture,fixture-11-overfit,produce,2.157626
fixture,fixture-11-overfit,proof-check,2.802803
fixture,fixture-11-overfit,topological-direct,1.879148
fixture,fixture-11-overfit,session-direct-result,1.003755
fixture,fixture-11-overfit,one-point-refutation,0.503314
fixture,fixture-11-regression,produce,1.830464
fixture,fixture-11-regression,proof-check,2.854481
fixture,fixture-11-regression,topological-direct,2.457364
fixture,fixture-11-regression,session-direct-result,1.346339
fixture,fixture-11-regression,one-point-refutation,0.545958
fixture,fixture-11-undefined,produce,1.609905
fixture,fixture-11-undefined,proof-check,2.818587
fixture,fixture-11-undefined,topological-direct,1.805958
fixture,fixture-11-undefined,session-direct-result,0.678467
fixture,fixture-11-undefined,one-point-refutation,0.477536
fixture,fixture-12-correct,produce,1.284677
fixture,fixture-12-correct,proof-check,1.989874
fixture,fixture-12-correct,topological-direct,1.309924
fixture,fixture-12-correct,session-direct-result,1.055743
fixture,fixture-12-correct,certificate-rebuild,7.534137
fixture,fixture-12-overfit,produce,1.67366
fixture,fixture-12-overfit,proof-check,2.971426
fixture,fixture-12-overfit,topological-direct,1.828922
fixture,fixture-12-overfit,session-direct-result,1.011597
fixture,fixture-12-overfit,one-point-refutation,0.424606
fixture,fixture-12-regression,produce,1.715332
fixture,fixture-12-regression,proof-check,3.034681
fixture,fixture-12-regression,topological-direct,2.055893
fixture,fixture-12-regression,session-direct-result,1.343385
fixture,fixture-12-regression,one-point-refutation,0.459329
fixture,fixture-12-undefined,produce,1.504566
fixture,fixture-12-undefined,proof-check,2.472909
fixture,fixture-12-undefined,topological-direct,1.623845
fixture,fixture-12-undefined,session-direct-result,0.63366
fixture,fixture-12-undefined,one-point-refutation,0.379219
fixture,fixture-13-correct,produce,1.339478
fixture,fixture-13-correct,proof-check,1.939739
fixture,fixture-13-correct,topological-direct,1.297446
fixture,fixture-13-correct,session-direct-result,1.239339
fixture,fixture-13-correct,certificate-rebuild,9.457411
fixture,fixture-13-overfit,produce,1.832728
fixture,fixture-13-overfit,proof-check,2.451626
fixture,fixture-13-overfit,topological-direct,1.611877
fixture,fixture-13-overfit,session-direct-result,0.961992
fixture,fixture-13-overfit,one-point-refutation,0.485878
fixture,fixture-13-regression,produce,1.671036
fixture,fixture-13-regression,proof-check,2.443955
fixture,fixture-13-regression,topological-direct,1.695022
fixture,fixture-13-regression,session-direct-result,1.209113
fixture,fixture-13-regression,one-point-refutation,0.462474
fixture,fixture-13-undefined,produce,2.256314
fixture,fixture-13-undefined,proof-check,2.663494
fixture,fixture-13-undefined,topological-direct,1.961791
fixture,fixture-13-undefined,session-direct-result,0.695973
fixture,fixture-13-undefined,one-point-refutation,0.441191
fixture,fixture-14-correct,produce,1.329433
fixture,fixture-14-correct,proof-check,2.045828
fixture,fixture-14-correct,topological-direct,1.363264
fixture,fixture-14-correct,session-direct-result,1.692889
fixture,fixture-14-correct,certificate-rebuild,7.453006
fixture,fixture-14-overfit,produce,1.908883
fixture,fixture-14-overfit,proof-check,2.335312
fixture,fixture-14-overfit,topological-direct,1.658166
fixture,fixture-14-overfit,session-direct-result,0.96052
fixture,fixture-14-overfit,one-point-refutation,0.465638
fixture,fixture-14-regression,produce,1.773359
fixture,fixture-14-regression,proof-check,2.631446
fixture,fixture-14-regression,topological-direct,1.715773
fixture,fixture-14-regression,session-direct-result,1.385747
fixture,fixture-14-regression,one-point-refutation,0.572198
fixture,fixture-14-undefined,produce,1.76114
fixture,fixture-14-undefined,proof-check,2.902302
fixture,fixture-14-undefined,topological-direct,1.902643
fixture,fixture-14-undefined,session-direct-result,0.90047
fixture,fixture-14-undefined,one-point-refutation,0.521552
fixture,fixture-15-correct,produce,1.416364
fixture,fixture-15-correct,proof-check,2.098126
fixture,fixture-15-correct,topological-direct,1.275452
fixture,fixture-15-correct,session-direct-result,1.198016
fixture,fixture-15-correct,certificate-rebuild,6.897743
fixture,fixture-15-overfit,produce,1.668742
fixture,fixture-15-overfit,proof-check,2.328441
fixture,fixture-15-overfit,topological-direct,1.679037
fixture,fixture-15-overfit,session-direct-result,1.000701
fixture,fixture-15-overfit,one-point-refutation,0.502574
fixture,fixture-15-regression,produce,1.654951
fixture,fixture-15-regression,proof-check,2.38736
fixture,fixture-15-regression,topological-direct,1.70733
fixture,fixture-15-regression,session-direct-result,1.619278
fixture,fixture-15-regression,one-point-refutation,0.540771
fixture,fixture-15-undefined,produce,1.902803
fixture,fixture-15-undefined,proof-check,2.627951
fixture,fixture-15-undefined,topological-direct,2.010806
fixture,fixture-15-undefined,session-direct-result,0.779969
fixture,fixture-15-undefined,one-point-refutation,0.534712
fixture,fixture-16-correct,produce,1.547591
fixture,fixture-16-correct,proof-check,2.258697
fixture,fixture-16-correct,topological-direct,1.522012
fixture,fixture-16-correct,session-direct-result,1.269704
fixture,fixture-16-correct,certificate-rebuild,13.589267
fixture,fixture-16-overfit,produce,2.161111
fixture,fixture-16-overfit,proof-check,3.036423
fixture,fixture-16-overfit,topological-direct,2.133629
fixture,fixture-16-overfit,session-direct-result,1.197195
fixture,fixture-16-overfit,one-point-refutation,0.498117
fixture,fixture-16-regression,produce,1.884886
fixture,fixture-16-regression,proof-check,3.055071
fixture,fixture-16-regression,topological-direct,2.164886
fixture,fixture-16-regression,session-direct-result,1.324336
fixture,fixture-16-regression,one-point-refutation,0.512678
fixture,fixture-16-undefined,produce,1.962282
fixture,fixture-16-undefined,proof-check,2.957635
fixture,fixture-16-undefined,topological-direct,2.018647
fixture,fixture-16-undefined,session-direct-result,0.741072
fixture,fixture-16-undefined,one-point-refutation,0.470755
fixture,fixture-17-correct,produce,1.760599
fixture,fixture-17-correct,proof-check,3.11436
fixture,fixture-17-correct,topological-direct,2.22041
fixture,fixture-17-correct,session-direct-result,1.702202
fixture,fixture-17-correct,certificate-rebuild,26.716461
fixture,fixture-17-overfit,produce,2.353639
fixture,fixture-17-overfit,proof-check,3.798075
fixture,fixture-17-overfit,topological-direct,2.50092
fixture,fixture-17-overfit,session-direct-result,1.359679
fixture,fixture-17-overfit,one-point-refutation,0.689724
fixture,fixture-17-regression,produce,2.139198
fixture,fixture-17-regression,proof-check,3.490104
fixture,fixture-17-regression,topological-direct,2.592958
fixture,fixture-17-regression,session-direct-result,1.930214
fixture,fixture-17-regression,one-point-refutation,0.74691
fixture,fixture-17-undefined,produce,2.108722
fixture,fixture-17-undefined,proof-check,3.289173
fixture,fixture-17-undefined,topological-direct,2.692297
fixture,fixture-17-undefined,session-direct-result,1.0667
fixture,fixture-17-undefined,one-point-refutation,0.931727
fixture,fixture-18-correct,produce,1.502493
fixture,fixture-18-correct,proof-check,2.124756
fixture,fixture-18-correct,topological-direct,1.872048
fixture,fixture-18-correct,session-direct-result,1.231186
fixture,fixture-18-correct,certificate-rebuild,11.04369
fixture,fixture-18-overfit,produce,1.92747
fixture,fixture-18-overfit,proof-check,2.748531
fixture,fixture-18-overfit,topological-direct,1.994651
fixture,fixture-18-overfit,session-direct-result,1.077195
fixture,fixture-18-overfit,one-point-refutation,0.63342
fixture,fixture-18-regression,produce,1.838988
fixture,fixture-18-regression,proof-check,5.101369
fixture,fixture-18-regression,topological-direct,2.00051
fixture,fixture-18-regression,session-direct-result,6.205876
fixture,fixture-18-regression,one-point-refutation,0.608011
fixture,fixture-18-undefined,produce,3.764124
fixture,fixture-18-undefined,proof-check,3.041261
fixture,fixture-18-undefined,topological-direct,2.644435
fixture,fixture-18-undefined,session-direct-result,1.098187
fixture,fixture-18-undefined,one-point-refutation,0.553801
fixture,fixture-19-correct,produce,1.10042
fixture,fixture-19-correct,proof-check,2.022723
fixture,fixture-19-correct,topological-direct,1.025128
fixture,fixture-19-correct,session-direct-result,1.032749
fixture,fixture-19-correct,certificate-rebuild,4.395772
fixture,fixture-19-overfit,produce,1.635512
fixture,fixture-19-overfit,proof-check,2.244125
fixture,fixture-19-overfit,topological-direct,1.472538
fixture,fixture-19-overfit,session-direct-result,1.05391
fixture,fixture-19-overfit,one-point-refutation,0.415543
fixture,fixture-19-regression,produce,1.551307
fixture,fixture-19-regression,proof-check,2.147791
fixture,fixture-19-regression,topological-direct,1.504697
fixture,fixture-19-regression,session-direct-result,1.135343
fixture,fixture-19-regression,one-point-refutation,0.421582
fixture,fixture-19-undefined,produce,1.404837
fixture,fixture-19-undefined,proof-check,2.456483
fixture,fixture-19-undefined,topological-direct,1.432148
fixture,fixture-19-undefined,session-direct-result,0.656334
fixture,fixture-19-undefined,one-point-refutation,0.371507
fixture,fixture-20-correct,produce,1.378638
fixture,fixture-20-correct,proof-check,1.898156
fixture,fixture-20-correct,topological-direct,1.29386
fixture,fixture-20-correct,session-direct-result,1.336614
fixture,fixture-20-correct,certificate-rebuild,8.06244
fixture,fixture-20-overfit,produce,1.865257
fixture,fixture-20-overfit,proof-check,2.406318
fixture,fixture-20-overfit,topological-direct,1.690956
fixture,fixture-20-overfit,session-direct-result,1.050676
fixture,fixture-20-overfit,one-point-refutation,0.519569
fixture,fixture-20-regression,produce,1.766889
fixture,fixture-20-regression,proof-check,2.799548
fixture,fixture-20-regression,topological-direct,1.821932
fixture,fixture-20-regression,session-direct-result,1.799929
fixture,fixture-20-regression,one-point-refutation,0.7065
fixture,fixture-20-undefined,produce,1.86051
fixture,fixture-20-undefined,proof-check,2.760489
fixture,fixture-20-undefined,topological-direct,2.129363
fixture,fixture-20-undefined,session-direct-result,0.990285
fixture,fixture-20-undefined,one-point-refutation,0.563755
stress,stress-001-correct,produce,1.742072
stress,stress-001-correct,proof-check,2.301781
stress,stress-001-correct,topological-direct,1.248382
stress,stress-001-correct,session-direct-result,1.404185
stress,stress-002-overfit,produce,2.015342
stress,stress-002-overfit,proof-check,2.77465
stress,stress-002-overfit,topological-direct,1.496824
stress,stress-002-overfit,session-direct-result,1.459438
stress,stress-002-overfit,one-point-refutation,0.475493
stress,stress-003-regression,produce,2.295291
stress,stress-003-regression,proof-check,2.751466
stress,stress-003-regression,topological-direct,1.682443
stress,stress-003-regression,session-direct-result,1.327791
stress,stress-003-regression,one-point-refutation,0.508012
stress,stress-004-undefined,produce,2.421511
stress,stress-004-undefined,proof-check,3.069553
stress,stress-004-undefined,topological-direct,1.833389
stress,stress-004-undefined,session-direct-result,1.050836
stress,stress-004-undefined,one-point-refutation,0.545187
stress,stress-005-correct,produce,1.689344
stress,stress-005-correct,proof-check,2.408021
stress,stress-005-correct,topological-direct,1.302323
stress,stress-005-correct,session-direct-result,1.338496
stress,stress-006-overfit,produce,1.916944
stress,stress-006-overfit,proof-check,2.686288
stress,stress-006-overfit,topological-direct,1.509143
stress,stress-006-overfit,session-direct-result,1.255302
stress,stress-006-overfit,one-point-refutation,0.496424
stress,stress-007-regression,produce,2.201851
stress,stress-007-regression,proof-check,2.737355
stress,stress-007-regression,topological-direct,1.524817
stress,stress-007-regression,session-direct-result,1.310755
stress,stress-007-regression,one-point-refutation,0.50673
stress,stress-008-undefined,produce,1.956133
stress,stress-008-undefined,proof-check,2.897725
stress,stress-008-undefined,topological-direct,1.572928
stress,stress-008-undefined,session-direct-result,1.011337
stress,stress-008-undefined,one-point-refutation,0.474702
stress,stress-009-correct,produce,1.68703
stress,stress-009-correct,proof-check,2.398086
stress,stress-009-correct,topological-direct,1.266218
stress,stress-009-correct,session-direct-result,1.18053
stress,stress-010-overfit,produce,1.986119
stress,stress-010-overfit,proof-check,3.008451
stress,stress-010-overfit,topological-direct,1.534731
stress,stress-010-overfit,session-direct-result,1.329213
stress,stress-010-overfit,one-point-refutation,0.498016
stress,stress-011-regression,produce,2.023153
stress,stress-011-regression,proof-check,3.040378
stress,stress-011-regression,topological-direct,1.574671
stress,stress-011-regression,session-direct-result,1.329063
stress,stress-011-regression,one-point-refutation,0.506079
stress,stress-012-undefined,produce,1.939598
stress,stress-012-undefined,proof-check,3.168441
stress,stress-012-undefined,topological-direct,1.706409
stress,stress-012-undefined,session-direct-result,1.066959
stress,stress-012-undefined,one-point-refutation,0.453671
stress,stress-013-correct,produce,1.625477
stress,stress-013-correct,proof-check,2.345607
stress,stress-013-correct,topological-direct,1.292979
stress,stress-013-correct,session-direct-result,1.241612
stress,stress-014-overfit,produce,1.946689
stress,stress-014-overfit,proof-check,2.831746
stress,stress-014-overfit,topological-direct,1.592908
stress,stress-014-overfit,session-direct-result,1.311927
stress,stress-014-overfit,one-point-refutation,0.496404
stress,stress-015-regression,produce,1.960089
stress,stress-015-regression,proof-check,2.768161
stress,stress-015-regression,topological-direct,1.579157
stress,stress-015-regression,session-direct-result,1.371216
stress,stress-015-regression,one-point-refutation,0.484296
stress,stress-016-undefined,produce,2.329823
stress,stress-016-undefined,proof-check,2.952717
stress,stress-016-undefined,topological-direct,1.685357
stress,stress-016-undefined,session-direct-result,0.998447
stress,stress-016-undefined,one-point-refutation,0.516385
stress,stress-017-correct,produce,1.758497
stress,stress-017-correct,proof-check,2.665086
stress,stress-017-correct,topological-direct,1.262984
stress,stress-017-correct,session-direct-result,1.229513
stress,stress-018-overfit,produce,2.105567
stress,stress-018-overfit,proof-check,2.74093
stress,stress-018-overfit,topological-direct,1.556815
stress,stress-018-overfit,session-direct-result,1.272999
stress,stress-018-overfit,one-point-refutation,0.578557
stress,stress-019-regression,produce,1.910505
stress,stress-019-regression,proof-check,2.700439
stress,stress-019-regression,topological-direct,1.518748
stress,stress-019-regression,session-direct-result,1.289534
stress,stress-019-regression,one-point-refutation,0.470275
stress,stress-020-undefined,produce,1.982472
stress,stress-020-undefined,proof-check,2.842512
stress,stress-020-undefined,topological-direct,1.621642
stress,stress-020-undefined,session-direct-result,0.990145
stress,stress-020-undefined,one-point-refutation,0.59331
stress,stress-021-correct,produce,1.698717
stress,stress-021-correct,proof-check,2.384495
stress,stress-021-correct,topological-direct,1.48052
stress,stress-021-correct,session-direct-result,1.154762
stress,stress-022-overfit,produce,1.924937
stress,stress-022-overfit,proof-check,2.821039
stress,stress-022-overfit,topological-direct,1.730054
stress,stress-022-overfit,session-direct-result,1.275673
stress,stress-022-overfit,one-point-refutation,0.509094
stress,stress-023-regression,produce,2.040629
stress,stress-023-regression,proof-check,2.869563
stress,stress-023-regression,topological-direct,1.602132
stress,stress-023-regression,session-direct-result,1.344596
stress,stress-023-regression,one-point-refutation,0.51353
stress,stress-024-undefined,produce,1.972277
stress,stress-024-undefined,proof-check,3.150313
stress,stress-024-undefined,topological-direct,1.632067
stress,stress-024-undefined,session-direct-result,0.768582
stress,stress-024-undefined,one-point-refutation,0.476524
stress,stress-025-correct,produce,1.803724
stress,stress-025-correct,proof-check,2.359908
stress,stress-025-correct,topological-direct,1.306129
stress,stress-025-correct,session-direct-result,1.598627
stress,stress-026-overfit,produce,1.944035
stress,stress-026-overfit,proof-check,2.705447
stress,stress-026-overfit,topological-direct,1.521271
stress,stress-026-overfit,session-direct-result,1.090886
stress,stress-026-overfit,one-point-refutation,0.479269
stress,stress-027-regression,produce,1.953078
stress,stress-027-regression,proof-check,2.78767
stress,stress-027-regression,topological-direct,1.513179
stress,stress-027-regression,session-direct-result,1.520811
stress,stress-027-regression,one-point-refutation,0.529123
stress,stress-028-undefined,produce,2.031316
stress,stress-028-undefined,proof-check,3.400308
stress,stress-028-undefined,topological-direct,1.844856
stress,stress-028-undefined,session-direct-result,0.76041
stress,stress-028-undefined,one-point-refutation,0.454061
stress,stress-029-correct,produce,1.770534
stress,stress-029-correct,proof-check,2.348582
stress,stress-029-correct,topological-direct,1.235633
stress,stress-029-correct,session-direct-result,1.431587
stress,stress-030-overfit,produce,2.108802
stress,stress-030-overfit,proof-check,2.606819
stress,stress-030-overfit,topological-direct,1.671216
stress,stress-030-overfit,session-direct-result,1.062754
stress,stress-030-overfit,one-point-refutation,0.511477
stress,stress-031-regression,produce,1.961852
stress,stress-031-regression,proof-check,2.74146
stress,stress-031-regression,topological-direct,1.554161
stress,stress-031-regression,session-direct-result,1.529072
stress,stress-031-regression,one-point-refutation,0.502334
stress,stress-032-undefined,produce,1.98102
stress,stress-032-undefined,proof-check,3.01438
stress,stress-032-undefined,topological-direct,1.685918
stress,stress-032-undefined,session-direct-result,0.789083
stress,stress-032-undefined,one-point-refutation,0.492809
stress,stress-033-correct,produce,1.943674
stress,stress-033-correct,proof-check,2.316954
stress,stress-033-correct,topological-direct,1.283555
stress,stress-033-correct,session-direct-result,1.675892
stress,stress-034-overfit,produce,2.00082
stress,stress-034-overfit,proof-check,2.736824
stress,stress-034-overfit,topological-direct,1.535151
stress,stress-034-overfit,session-direct-result,1.036604
stress,stress-034-overfit,one-point-refutation,0.54639
stress,stress-035-regression,produce,1.942273
stress,stress-035-regression,proof-check,2.732518
stress,stress-035-regression,topological-direct,1.521983
stress,stress-035-regression,session-direct-result,1.577315
stress,stress-035-regression,one-point-refutation,0.516084
stress,stress-036-undefined,produce,1.977575
stress,stress-036-undefined,proof-check,3.105857
stress,stress-036-undefined,topological-direct,1.764306
stress,stress-036-undefined,session-direct-result,0.768993
stress,stress-036-undefined,one-point-refutation,0.50018
stress,stress-037-correct,produce,1.9538
stress,stress-037-correct,proof-check,2.350885
stress,stress-037-correct,topological-direct,1.237476
stress,stress-037-correct,session-direct-result,1.364747
stress,stress-038-overfit,produce,1.893088
stress,stress-038-overfit,proof-check,2.729733
stress,stress-038-overfit,topological-direct,1.469413
stress,stress-038-overfit,session-direct-result,1.037515
stress,stress-038-overfit,one-point-refutation,0.476465
stress,stress-039-regression,produce,1.9471
stress,stress-039-regression,proof-check,2.752808
stress,stress-039-regression,topological-direct,1.601441
stress,stress-039-regression,session-direct-result,1.549273
stress,stress-039-regression,one-point-refutation,0.474121
stress,stress-040-undefined,produce,1.964075
stress,stress-040-undefined,proof-check,2.857224
stress,stress-040-undefined,topological-direct,1.646158
stress,stress-040-undefined,session-direct-result,0.743605
stress,stress-040-undefined,one-point-refutation,0.47336
stress,stress-041-correct,produce,1.688361
stress,stress-041-correct,proof-check,2.303043
stress,stress-041-correct,topological-direct,1.26067
stress,stress-041-correct,session-direct-result,1.398026
stress,stress-042-overfit,produce,2.002052
stress,stress-042-overfit,proof-check,2.679027
stress,stress-042-overfit,topological-direct,1.498437
stress,stress-042-overfit,session-direct-result,1.079008
stress,stress-042-overfit,one-point-refutation,0.475333
stress,stress-043-regression,produce,1.984155
stress,stress-043-regression,proof-check,3.078276
stress,stress-043-regression,topological-direct,1.615022
stress,stress-043-regression,session-direct-result,1.669043
stress,stress-043-regression,one-point-refutation,0.499219
stress,stress-044-undefined,produce,2.065767
stress,stress-044-undefined,proof-check,3.444395
stress,stress-044-undefined,topological-direct,1.862192
stress,stress-044-undefined,session-direct-result,0.924656
stress,stress-044-undefined,one-point-refutation,0.545818
stress,stress-045-correct,produce,1.695602
stress,stress-045-correct,proof-check,2.505897
stress,stress-045-correct,topological-direct,1.283114
stress,stress-045-correct,session-direct-result,1.613089
stress,stress-046-overfit,produce,2.115362
stress,stress-046-overfit,proof-check,2.748221
stress,stress-046-overfit,topological-direct,1.449003
stress,stress-046-overfit,session-direct-result,1.082864
stress,stress-046-overfit,one-point-refutation,0.54063
stress,stress-047-regression,produce,1.869263
stress,stress-047-regression,proof-check,2.697215
stress,stress-047-regression,topological-direct,1.583384
stress,stress-047-regression,session-direct-result,1.537255
stress,stress-047-regression,one-point-refutation,0.478397
stress,stress-048-undefined,produce,2.004476
stress,stress-048-undefined,proof-check,3.163955
stress,stress-048-undefined,topological-direct,1.679719
stress,stress-048-undefined,session-direct-result,0.743896
stress,stress-048-undefined,one-point-refutation,0.449725
stress,stress-049-correct,produce,1.782713
stress,stress-049-correct,proof-check,2.352627
stress,stress-049-correct,topological-direct,1.315653
stress,stress-049-correct,session-direct-result,1.668362
stress,stress-050-overfit,produce,2.007921
stress,stress-050-overfit,proof-check,2.719568
stress,stress-050-overfit,topological-direct,1.50082
stress,stress-050-overfit,session-direct-result,1.041111
stress,stress-050-overfit,one-point-refutation,0.477556
stress,stress-051-regression,produce,1.966178
stress,stress-051-regression,proof-check,2.783504
stress,stress-051-regression,topological-direct,1.49378
stress,stress-051-regression,session-direct-result,1.508512
stress,stress-051-regression,one-point-refutation,0.471127
stress,stress-052-undefined,produce,1.94071
stress,stress-052-undefined,proof-check,2.856524
stress,stress-052-undefined,topological-direct,1.734261
stress,stress-052-undefined,session-direct-result,0.773029
stress,stress-052-undefined,one-point-refutation,0.47316
stress,stress-053-correct,produce,1.632338
stress,stress-053-correct,proof-check,2.317335
stress,stress-053-correct,topological-direct,1.234201
stress,stress-053-correct,session-direct-result,1.367881
stress,stress-054-overfit,produce,1.879167
stress,stress-054-overfit,proof-check,2.658866
stress,stress-054-overfit,topological-direct,1.464736
stress,stress-054-overfit,session-direct-result,1.041983
stress,stress-054-overfit,one-point-refutation,0.497286
stress,stress-055-regression,produce,1.941862
stress,stress-055-regression,proof-check,2.864896
stress,stress-055-regression,topological-direct,2.510604
stress,stress-055-regression,session-direct-result,2.199448
stress,stress-055-regression,one-point-refutation,0.563455
stress,stress-056-undefined,produce,2.162153
stress,stress-056-undefined,proof-check,3.151496
stress,stress-056-undefined,topological-direct,1.94079
stress,stress-056-undefined,session-direct-result,0.84068
stress,stress-056-undefined,one-point-refutation,0.5531
stress,stress-057-correct,produce,1.785928
stress,stress-057-correct,proof-check,2.391086
stress,stress-057-correct,topological-direct,1.339118
stress,stress-057-correct,session-direct-result,1.468031
stress,stress-058-overfit,produce,1.933078
stress,stress-058-overfit,proof-check,2.568171
stress,stress-058-overfit,topological-direct,1.553239
stress,stress-058-overfit,session-direct-result,1.085177
stress,stress-058-overfit,one-point-refutation,0.482313
stress,stress-059-regression,produce,2.038596
stress,stress-059-regression,proof-check,2.881541
stress,stress-059-regression,topological-direct,1.55391
stress,stress-059-regression,session-direct-result,1.889564
stress,stress-059-regression,one-point-refutation,0.54645
stress,stress-060-undefined,produce,1.977466
stress,stress-060-undefined,proof-check,3.024986
stress,stress-060-undefined,topological-direct,1.685197
stress,stress-060-undefined,session-direct-result,0.822904
stress,stress-060-undefined,one-point-refutation,0.448823
stress,stress-061-correct,produce,1.922553
stress,stress-061-correct,proof-check,2.753989
stress,stress-061-correct,topological-direct,1.33362
stress,stress-061-correct,session-direct-result,1.517576
stress,stress-062-overfit,produce,2.008181
stress,stress-062-overfit,proof-check,2.891215
stress,stress-062-overfit,topological-direct,1.543925
stress,stress-062-overfit,session-direct-result,1.051998
stress,stress-062-overfit,one-point-refutation,0.480611
stress,stress-063-regression,produce,2.017776
stress,stress-063-regression,proof-check,2.976403
stress,stress-063-regression,topological-direct,1.531236
stress,stress-063-regression,session-direct-result,1.502873
stress,stress-063-regression,one-point-refutation,0.575373
stress,stress-064-undefined,produce,1.934351
stress,stress-064-undefined,proof-check,2.904676
stress,stress-064-undefined,topological-direct,1.627831
stress,stress-064-undefined,session-direct-result,0.811487
stress,stress-064-undefined,one-point-refutation,0.441653
stress,stress-065-correct,produce,1.712107
stress,stress-065-correct,proof-check,2.369553
stress,stress-065-correct,topological-direct,1.261732
stress,stress-065-correct,session-direct-result,1.429634
stress,stress-066-overfit,produce,1.900009
stress,stress-066-overfit,proof-check,2.942121
stress,stress-066-overfit,topological-direct,1.609804
stress,stress-066-overfit,session-direct-result,1.051547
stress,stress-066-overfit,one-point-refutation,0.505468
stress,stress-067-regression,produce,2.063023
stress,stress-067-regression,proof-check,3.223484
stress,stress-067-regression,topological-direct,1.611006
stress,stress-067-regression,session-direct-result,1.910444
stress,stress-067-regression,one-point-refutation,0.492248
stress,stress-068-undefined,produce,1.971987
stress,stress-068-undefined,proof-check,2.939447
stress,stress-068-undefined,topological-direct,1.68033
stress,stress-068-undefined,session-direct-result,0.755063
stress,stress-068-undefined,one-point-refutation,0.457476
stress,stress-069-correct,produce,1.647821
stress,stress-069-correct,proof-check,2.391657
stress,stress-069-correct,topological-direct,1.24017
stress,stress-069-correct,session-direct-result,1.484927
stress,stress-070-overfit,produce,1.908352
stress,stress-070-overfit,proof-check,2.864675
stress,stress-070-overfit,topological-direct,1.593339
stress,stress-070-overfit,session-direct-result,1.038637
stress,stress-070-overfit,one-point-refutation,0.803775
stress,stress-071-regression,produce,2.018857
stress,stress-071-regression,proof-check,2.851535
stress,stress-071-regression,topological-direct,1.685027
stress,stress-071-regression,session-direct-result,1.957365
stress,stress-071-regression,one-point-refutation,0.61981
stress,stress-072-undefined,produce,2.513729
stress,stress-072-undefined,proof-check,2.94745
stress,stress-072-undefined,topological-direct,1.701201
stress,stress-072-undefined,session-direct-result,1.029804
stress,stress-072-undefined,one-point-refutation,0.467631
stress,stress-073-correct,produce,1.714531
stress,stress-073-correct,proof-check,2.433468
stress,stress-073-correct,topological-direct,1.323374
stress,stress-073-correct,session-direct-result,1.579749
stress,stress-074-overfit,produce,2.132568
stress,stress-074-overfit,proof-check,2.864635
stress,stress-074-overfit,topological-direct,1.517586
stress,stress-074-overfit,session-direct-result,1.145658
stress,stress-074-overfit,one-point-refutation,0.477225
stress,stress-075-regression,produce,1.992147
stress,stress-075-regression,proof-check,2.729633
stress,stress-075-regression,topological-direct,1.798938
stress,stress-075-regression,session-direct-result,1.562663
stress,stress-075-regression,one-point-refutation,0.502753
stress,stress-076-undefined,produce,2.149613
stress,stress-076-undefined,proof-check,2.92096
stress,stress-076-undefined,topological-direct,1.766599
stress,stress-076-undefined,session-direct-result,0.781472
stress,stress-076-undefined,one-point-refutation,0.483776
stress,stress-077-correct,produce,1.883224
stress,stress-077-correct,proof-check,2.461471
stress,stress-077-correct,topological-direct,1.321832
stress,stress-077-correct,session-direct-result,1.422643
stress,stress-078-overfit,produce,1.96078
stress,stress-078-overfit,proof-check,2.753048
stress,stress-078-overfit,topological-direct,1.511206
stress,stress-078-overfit,session-direct-result,1.037997
stress,stress-078-overfit,one-point-refutation,0.510325
stress,stress-079-regression,produce,2.014801
stress,stress-079-regression,proof-check,2.785818
stress,stress-079-regression,topological-direct,1.536554
stress,stress-079-regression,session-direct-result,1.585397
stress,stress-079-regression,one-point-refutation,0.497085
stress,stress-080-undefined,produce,2.064365
stress,stress-080-undefined,proof-check,2.921541
stress,stress-080-undefined,topological-direct,1.696424
stress,stress-080-undefined,session-direct-result,0.761241
stress,stress-080-undefined,one-point-refutation,0.492849
stress,stress-081-correct,produce,1.686008
stress,stress-081-correct,proof-check,2.330024
stress,stress-081-correct,topological-direct,1.241111
stress,stress-081-correct,session-direct-result,1.658467
stress,stress-082-overfit,produce,2.24748
stress,stress-082-overfit,proof-check,2.876643
stress,stress-082-overfit,topological-direct,1.564546
stress,stress-082-overfit,session-direct-result,1.034782
stress,stress-082-overfit,one-point-refutation,0.48026
stress,stress-083-regression,produce,2.254741
stress,stress-083-regression,proof-check,2.901491
stress,stress-083-regression,topological-direct,1.5471
stress,stress-083-regression,session-direct-result,1.516604
stress,stress-083-regression,one-point-refutation,0.534071
stress,stress-084-undefined,produce,2.053489
stress,stress-084-undefined,proof-check,3.14055
stress,stress-084-undefined,topological-direct,1.769153
stress,stress-084-undefined,session-direct-result,0.754621
stress,stress-084-undefined,one-point-refutation,0.448913
stress,stress-085-correct,produce,1.808572
stress,stress-085-correct,proof-check,2.435582
stress,stress-085-correct,topological-direct,1.348111
stress,stress-085-correct,session-direct-result,1.423314
stress,stress-086-overfit,produce,1.928321
stress,stress-086-overfit,proof-check,2.806959
stress,stress-086-overfit,topological-direct,1.534822
stress,stress-086-overfit,session-direct-result,1.044877
stress,stress-086-overfit,one-point-refutation,0.498187
stress,stress-087-regression,produce,2.035452
stress,stress-087-regression,proof-check,3.143093
stress,stress-087-regression,topological-direct,1.626609
stress,stress-087-regression,session-direct-result,1.625107
stress,stress-087-regression,one-point-refutation,0.48682
stress,stress-088-undefined,produce,2.00751
stress,stress-088-undefined,proof-check,3.259277
stress,stress-088-undefined,topological-direct,1.877705
stress,stress-088-undefined,session-direct-result,0.910265
stress,stress-088-undefined,one-point-refutation,0.499139
stress,stress-089-correct,produce,1.961121
stress,stress-089-correct,proof-check,2.617415
stress,stress-089-correct,topological-direct,1.423214
stress,stress-089-correct,session-direct-result,1.435583
stress,stress-090-overfit,produce,1.958818
stress,stress-090-overfit,proof-check,2.729993
stress,stress-090-overfit,topological-direct,1.511636
stress,stress-090-overfit,session-direct-result,1.022823
stress,stress-090-overfit,one-point-refutation,0.507051
stress,stress-091-regression,produce,1.927831
stress,stress-091-regression,proof-check,2.76777
stress,stress-091-regression,topological-direct,1.520049
stress,stress-091-regression,session-direct-result,1.592929
stress,stress-091-regression,one-point-refutation,0.48004
stress,stress-092-undefined,produce,1.962633
stress,stress-092-undefined,proof-check,2.923143
stress,stress-092-undefined,topological-direct,1.648412
stress,stress-092-undefined,session-direct-result,0.744746
stress,stress-092-undefined,one-point-refutation,0.4734
stress,stress-093-correct,produce,2.060499
stress,stress-093-correct,proof-check,2.408932
stress,stress-093-correct,topological-direct,1.401752
stress,stress-093-correct,session-direct-result,1.393099
stress,stress-094-overfit,produce,2.392057
stress,stress-094-overfit,proof-check,2.76795
stress,stress-094-overfit,topological-direct,1.583625
stress,stress-094-overfit,session-direct-result,1.113269
stress,stress-094-overfit,one-point-refutation,0.521863
stress,stress-095-regression,produce,2.14686
stress,stress-095-regression,proof-check,2.797405
stress,stress-095-regression,topological-direct,1.8407
stress,stress-095-regression,session-direct-result,1.608853
stress,stress-095-regression,one-point-refutation,0.582844
stress,stress-096-undefined,produce,2.010655
stress,stress-096-undefined,proof-check,3.219407
stress,stress-096-undefined,topological-direct,1.714702
stress,stress-096-undefined,session-direct-result,0.774211
stress,stress-096-undefined,one-point-refutation,0.483826
stress,stress-097-correct,produce,1.761421
stress,stress-097-correct,proof-check,2.504947
stress,stress-097-correct,topological-direct,1.321171
stress,stress-097-correct,session-direct-result,1.748071
stress,stress-098-overfit,produce,1.939588
stress,stress-098-overfit,proof-check,2.756463
stress,stress-098-overfit,topological-direct,1.487701
stress,stress-098-overfit,session-direct-result,1.044557
stress,stress-098-overfit,one-point-refutation,0.514251
stress,stress-099-regression,produce,1.977165
stress,stress-099-regression,proof-check,2.935713
stress,stress-099-regression,topological-direct,1.850545
stress,stress-099-regression,session-direct-result,1.727781
stress,stress-099-regression,one-point-refutation,0.507311
stress,stress-100-undefined,produce,2.271256
stress,stress-100-undefined,proof-check,3.177674
stress,stress-100-undefined,topological-direct,1.723294
stress,stress-100-undefined,session-direct-result,0.779659
stress,stress-100-undefined,one-point-refutation,0.471677
stress,stress-101-correct,produce,1.695913
stress,stress-101-correct,proof-check,2.375943
stress,stress-101-correct,topological-direct,1.289674
stress,stress-101-correct,session-direct-result,1.40001
stress,stress-102-overfit,produce,1.912668
stress,stress-102-overfit,proof-check,2.727289
stress,stress-102-overfit,topological-direct,1.55394
stress,stress-102-overfit,session-direct-result,1.03997
stress,stress-102-overfit,one-point-refutation,0.512298
stress,stress-103-regression,produce,2.061281
stress,stress-103-regression,proof-check,2.703263
stress,stress-103-regression,topological-direct,1.54047
stress,stress-103-regression,session-direct-result,1.530385
stress,stress-103-regression,one-point-refutation,0.478788
stress,stress-104-undefined,produce,2.239077
stress,stress-104-undefined,proof-check,2.977104
stress,stress-104-undefined,topological-direct,1.638396
stress,stress-104-undefined,session-direct-result,0.744556
stress,stress-104-undefined,one-point-refutation,0.444046
stress,stress-105-correct,produce,1.821141
stress,stress-105-correct,proof-check,2.382282
stress,stress-105-correct,topological-direct,1.306939
stress,stress-105-correct,session-direct-result,1.42047
stress,stress-106-overfit,produce,2.018076
stress,stress-106-overfit,proof-check,2.744575
stress,stress-106-overfit,topological-direct,1.584486
stress,stress-106-overfit,session-direct-result,1.025247
stress,stress-106-overfit,one-point-refutation,0.57402
stress,stress-107-regression,produce,2.075442
stress,stress-107-regression,proof-check,2.831886
stress,stress-107-regression,topological-direct,1.62091
stress,stress-107-regression,session-direct-result,1.695212
stress,stress-107-regression,one-point-refutation,1.028492
stress,stress-108-undefined,produce,1.988191
stress,stress-108-undefined,proof-check,2.90115
stress,stress-108-undefined,topological-direct,1.637075
stress,stress-108-undefined,session-direct-result,0.740039
stress,stress-108-undefined,one-point-refutation,0.447421
stress,stress-109-correct,produce,1.639949
stress,stress-109-correct,proof-check,2.277726
stress,stress-109-correct,topological-direct,1.255152
stress,stress-109-correct,session-direct-result,1.450705
stress,stress-110-overfit,produce,1.89417
stress,stress-110-overfit,proof-check,2.730204
stress,stress-110-overfit,topological-direct,1.498647
stress,stress-110-overfit,session-direct-result,1.025888
stress,stress-110-overfit,one-point-refutation,0.472648
stress,stress-111-regression,produce,2.203765
stress,stress-111-regression,proof-check,3.278496
stress,stress-111-regression,topological-direct,1.598918
stress,stress-111-regression,session-direct-result,1.544296
stress,stress-111-regression,one-point-refutation,0.531166
stress,stress-112-undefined,produce,2.269803
stress,stress-112-undefined,proof-check,3.164475
stress,stress-112-undefined,topological-direct,1.683865
stress,stress-112-undefined,session-direct-result,0.762644
stress,stress-112-undefined,one-point-refutation,0.590486
stress,stress-113-correct,produce,1.673169
stress,stress-113-correct,proof-check,2.477906
stress,stress-113-correct,topological-direct,1.271827
stress,stress-113-correct,session-direct-result,1.457586
stress,stress-114-overfit,produce,1.898938
stress,stress-114-overfit,proof-check,2.699288
stress,stress-114-overfit,topological-direct,1.48745
stress,stress-114-overfit,session-direct-result,1.059469
stress,stress-114-overfit,one-point-refutation,0.511357
stress,stress-115-regression,produce,1.941752
stress,stress-115-regression,proof-check,3.136502
stress,stress-115-regression,topological-direct,1.6477
stress,stress-115-regression,session-direct-result,1.642793
stress,stress-115-regression,one-point-refutation,0.539258
stress,stress-116-undefined,produce,2.103795
stress,stress-116-undefined,proof-check,3.223444
stress,stress-116-undefined,topological-direct,1.86101
stress,stress-116-undefined,session-direct-result,0.755463
stress,stress-116-undefined,one-point-refutation,0.75384
stress,stress-117-correct,produce,1.681451
stress,stress-117-correct,proof-check,2.390344
stress,stress-117-correct,topological-direct,1.265217
stress,stress-117-correct,session-direct-result,1.443644
stress,stress-118-overfit,produce,2.108441
stress,stress-118-overfit,proof-check,2.649493
stress,stress-118-overfit,topological-direct,1.598527
stress,stress-118-overfit,session-direct-result,1.045498
stress,stress-118-overfit,one-point-refutation,0.506339
stress,stress-119-regression,produce,2.078327
stress,stress-119-regression,proof-check,2.797375
stress,stress-119-regression,topological-direct,1.517176
stress,stress-119-regression,session-direct-result,1.543104
stress,stress-119-regression,one-point-refutation,0.511096
stress,stress-120-undefined,produce,1.94777
stress,stress-120-undefined,proof-check,2.978446
stress,stress-120-undefined,topological-direct,1.615443
stress,stress-120-undefined,session-direct-result,0.79338
stress,stress-120-undefined,one-point-refutation,0.442203
stress,stress-121-correct,produce,1.789553
stress,stress-121-correct,proof-check,2.329363
stress,stress-121-correct,topological-direct,1.218707
stress,stress-121-correct,session-direct-result,1.467751
stress,stress-122-overfit,produce,2.069073
stress,stress-122-overfit,proof-check,2.697755
stress,stress-122-overfit,topological-direct,1.489895
stress,stress-122-overfit,session-direct-result,1.066519
stress,stress-122-overfit,one-point-refutation,0.502714
stress,stress-123-regression,produce,1.993559
stress,stress-123-regression,proof-check,2.971175
stress,stress-123-regression,topological-direct,1.570766
stress,stress-123-regression,session-direct-result,1.849073
stress,stress-123-regression,one-point-refutation,0.506149
stress,stress-124-undefined,produce,2.126639
stress,stress-124-undefined,proof-check,3.339398
stress,stress-124-undefined,topological-direct,1.69375
stress,stress-124-undefined,session-direct-result,0.811346
stress,stress-124-undefined,one-point-refutation,0.460491
stress,stress-125-correct,produce,1.679658
stress,stress-125-correct,proof-check,2.395502
stress,stress-125-correct,topological-direct,1.264736
stress,stress-125-correct,session-direct-result,1.476845
stress,stress-126-overfit,produce,1.986929
stress,stress-126-overfit,proof-check,2.662943
stress,stress-126-overfit,topological-direct,1.64019
stress,stress-126-overfit,session-direct-result,1.088102
stress,stress-126-overfit,one-point-refutation,0.502404
stress,stress-127-regression,produce,2.092868
stress,stress-127-regression,proof-check,2.727449
stress,stress-127-regression,topological-direct,1.568632
stress,stress-127-regression,session-direct-result,1.533669
stress,stress-127-regression,one-point-refutation,0.48056
stress,stress-128-undefined,produce,2.092137
stress,stress-128-undefined,proof-check,3.266688
stress,stress-128-undefined,topological-direct,1.741762
stress,stress-128-undefined,session-direct-result,0.785197
stress,stress-128-undefined,one-point-refutation,0.555092
stress,stress-129-correct,produce,1.672969
stress,stress-129-correct,proof-check,2.557275
stress,stress-129-correct,topological-direct,1.258717
stress,stress-129-correct,session-direct-result,1.552709
stress,stress-130-overfit,produce,2.091656
stress,stress-130-overfit,proof-check,2.789844
stress,stress-130-overfit,topological-direct,1.520339
stress,stress-130-overfit,session-direct-result,1.090405
stress,stress-130-overfit,one-point-refutation,0.591828
stress,stress-131-regression,produce,1.958567
stress,stress-131-regression,proof-check,2.824496
stress,stress-131-regression,topological-direct,1.591757
stress,stress-131-regression,session-direct-result,1.616624
stress,stress-131-regression,one-point-refutation,0.485698
stress,stress-132-undefined,produce,2.005988
stress,stress-132-undefined,proof-check,2.955251
stress,stress-132-undefined,topological-direct,1.678367
stress,stress-132-undefined,session-direct-result,0.732428
stress,stress-132-undefined,one-point-refutation,0.45299
stress,stress-133-correct,produce,1.724746
stress,stress-133-correct,proof-check,2.589894
stress,stress-133-correct,topological-direct,1.254511
stress,stress-133-correct,session-direct-result,1.381903
stress,stress-134-overfit,produce,1.96103
stress,stress-134-overfit,proof-check,2.822262
stress,stress-134-overfit,topological-direct,1.571105
stress,stress-134-overfit,session-direct-result,1.08705
stress,stress-134-overfit,one-point-refutation,0.490215
stress,stress-135-regression,produce,2.140219
stress,stress-135-regression,proof-check,2.944335
stress,stress-135-regression,topological-direct,1.616324
stress,stress-135-regression,session-direct-result,1.502764
stress,stress-135-regression,one-point-refutation,0.507361
stress,stress-136-undefined,produce,2.017165
stress,stress-136-undefined,proof-check,2.925016
stress,stress-136-undefined,topological-direct,1.638067
stress,stress-136-undefined,session-direct-result,0.754692
stress,stress-136-undefined,one-point-refutation,0.444947
stress,stress-137-correct,produce,1.71351
stress,stress-137-correct,proof-check,2.329573
stress,stress-137-correct,topological-direct,1.290485
stress,stress-137-correct,session-direct-result,1.402422
stress,stress-138-overfit,produce,2.243224
stress,stress-138-overfit,proof-check,2.846769
stress,stress-138-overfit,topological-direct,1.621732
stress,stress-138-overfit,session-direct-result,1.049965
stress,stress-138-overfit,one-point-refutation,0.585919
stress,stress-139-regression,produce,1.961431
stress,stress-139-regression,proof-check,2.898506
stress,stress-139-regression,topological-direct,1.669003
stress,stress-139-regression,session-direct-result,1.59408
stress,stress-139-regression,one-point-refutation,0.482293
stress,stress-140-undefined,produce,2.107219
stress,stress-140-undefined,proof-check,2.855682
stress,stress-140-undefined,topological-direct,1.954331
stress,stress-140-undefined,session-direct-result,0.852459
stress,stress-140-undefined,one-point-refutation,0.531437
stress,stress-141-correct,produce,1.843734
stress,stress-141-correct,proof-check,2.429703
stress,stress-141-correct,topological-direct,1.274681
stress,stress-141-correct,session-direct-result,1.383455
stress,stress-142-overfit,produce,1.925648
stress,stress-142-overfit,proof-check,2.723554
stress,stress-142-overfit,topological-direct,1.446559
stress,stress-142-overfit,session-direct-result,1.003375
stress,stress-142-overfit,one-point-refutation,0.536484
stress,stress-143-regression,produce,1.930985
stress,stress-143-regression,proof-check,2.79376
stress,stress-143-regression,topological-direct,1.499749
stress,stress-143-regression,session-direct-result,1.587381
stress,stress-143-regression,one-point-refutation,0.48042
stress,stress-144-undefined,produce,1.933759
stress,stress-144-undefined,proof-check,3.06109
stress,stress-144-undefined,topological-direct,1.918597
stress,stress-144-undefined,session-direct-result,0.759058
stress,stress-144-undefined,one-point-refutation,0.452589
stress,stress-145-correct,produce,1.968762
stress,stress-145-correct,proof-check,2.444575
stress,stress-145-correct,topological-direct,1.310726
stress,stress-145-correct,session-direct-result,1.433189
stress,stress-146-overfit,produce,1.953329
stress,stress-146-overfit,proof-check,2.631316
stress,stress-146-overfit,topological-direct,1.503926
stress,stress-146-overfit,session-direct-result,1.049574
stress,stress-146-overfit,one-point-refutation,0.478888
stress,stress-147-regression,produce,1.999008
stress,stress-147-regression,proof-check,2.839739
stress,stress-147-regression,topological-direct,1.546368
stress,stress-147-regression,session-direct-result,1.541571
stress,stress-147-regression,one-point-refutation,0.532769
stress,stress-148-undefined,produce,1.993659
stress,stress-148-undefined,proof-check,2.973759
stress,stress-148-undefined,topological-direct,1.623564
stress,stress-148-undefined,session-direct-result,0.899018
stress,stress-148-undefined,one-point-refutation,0.45315
stress,stress-149-correct,produce,1.803625
stress,stress-149-correct,proof-check,2.459348
stress,stress-149-correct,topological-direct,1.356994
stress,stress-149-correct,session-direct-result,1.454031
stress,stress-150-overfit,produce,1.889753
stress,stress-150-overfit,proof-check,2.765337
stress,stress-150-overfit,topological-direct,1.562693
stress,stress-150-overfit,session-direct-result,1.070255
stress,stress-150-overfit,one-point-refutation,0.481592
stress,stress-151-regression,produce,2.013078
stress,stress-151-regression,proof-check,2.9477
stress,stress-151-regression,topological-direct,1.692728
stress,stress-151-regression,session-direct-result,1.50683
stress,stress-151-regression,one-point-refutation,0.514241
stress,stress-152-undefined,produce,2.202964
stress,stress-152-undefined,proof-check,3.195432
stress,stress-152-undefined,topological-direct,1.717075
stress,stress-152-undefined,session-direct-result,0.822504
stress,stress-152-undefined,one-point-refutation,0.461863
stress,stress-153-correct,produce,1.863465
stress,stress-153-correct,proof-check,2.360219
stress,stress-153-correct,topological-direct,1.262873
stress,stress-153-correct,session-direct-result,1.558417
stress,stress-154-overfit,produce,1.954891
stress,stress-154-overfit,proof-check,2.730545
stress,stress-154-overfit,topological-direct,1.907561
stress,stress-154-overfit,session-direct-result,1.029124
stress,stress-154-overfit,one-point-refutation,0.476214
stress,stress-155-regression,produce,2.186569
stress,stress-155-regression,proof-check,3.553379
stress,stress-155-regression,topological-direct,1.815342
stress,stress-155-regression,session-direct-result,1.83389
stress,stress-155-regression,one-point-refutation,0.484947
stress,stress-156-undefined,produce,2.345868
stress,stress-156-undefined,proof-check,2.912807
stress,stress-156-undefined,topological-direct,1.687721
stress,stress-156-undefined,session-direct-result,0.78001
stress,stress-156-undefined,one-point-refutation,0.46047
stress,stress-157-correct,produce,1.707461
stress,stress-157-correct,proof-check,2.399668
stress,stress-157-correct,topological-direct,1.321992
stress,stress-157-correct,session-direct-result,1.417495
stress,stress-158-overfit,produce,1.982844
stress,stress-158-overfit,proof-check,2.722542
stress,stress-158-overfit,topological-direct,1.567901
stress,stress-158-overfit,session-direct-result,1.045568
stress,stress-158-overfit,one-point-refutation,0.484546
stress,stress-159-regression,produce,2.031587
stress,stress-159-regression,proof-check,2.830975
stress,stress-159-regression,topological-direct,1.52746
stress,stress-159-regression,session-direct-result,1.539689
stress,stress-159-regression,one-point-refutation,0.604867
stress,stress-160-undefined,produce,2.079969
stress,stress-160-undefined,proof-check,3.237935
stress,stress-160-undefined,topological-direct,1.713469
stress,stress-160-undefined,session-direct-result,0.788723
stress,stress-160-undefined,one-point-refutation,0.48024
stress,stress-161-correct,produce,1.661381
stress,stress-161-correct,proof-check,2.390705
stress,stress-161-correct,topological-direct,1.341943
stress,stress-161-correct,session-direct-result,1.476544
stress,stress-162-overfit,produce,1.926469
stress,stress-162-overfit,proof-check,2.772858
stress,stress-162-overfit,topological-direct,1.585026
stress,stress-162-overfit,session-direct-result,1.042443
stress,stress-162-overfit,one-point-refutation,0.499889
stress,stress-163-regression,produce,1.995643
stress,stress-163-regression,proof-check,3.287429
stress,stress-163-regression,topological-direct,1.652798
stress,stress-163-regression,session-direct-result,1.697315
stress,stress-163-regression,one-point-refutation,0.583596
stress,stress-164-undefined,produce,2.037164
stress,stress-164-undefined,proof-check,3.012056
stress,stress-164-undefined,topological-direct,1.696864
stress,stress-164-undefined,session-direct-result,0.842984
stress,stress-164-undefined,one-point-refutation,0.485508
stress,stress-165-correct,produce,1.804005
stress,stress-165-correct,proof-check,2.363474
stress,stress-165-correct,topological-direct,1.282623
stress,stress-165-correct,session-direct-result,1.463835
stress,stress-166-overfit,produce,1.914661
stress,stress-166-overfit,proof-check,2.661311
stress,stress-166-overfit,topological-direct,1.565377
stress,stress-166-overfit,session-direct-result,1.219719
stress,stress-166-overfit,one-point-refutation,0.508853
stress,stress-167-regression,produce,2.010865
stress,stress-167-regression,proof-check,2.836323
stress,stress-167-regression,topological-direct,1.637836
stress,stress-167-regression,session-direct-result,1.621191
stress,stress-167-regression,one-point-refutation,0.490536
stress,stress-168-undefined,produce,3.30743
stress,stress-168-undefined,proof-check,3.093709
stress,stress-168-undefined,topological-direct,1.789724
stress,stress-168-undefined,session-direct-result,0.856004
stress,stress-168-undefined,one-point-refutation,0.464296
stress,stress-169-correct,produce,1.732527
stress,stress-169-correct,proof-check,2.307339
stress,stress-169-correct,topological-direct,1.266449
stress,stress-169-correct,session-direct-result,1.582594
stress,stress-170-overfit,produce,2.303604
stress,stress-170-overfit,proof-check,2.72115
stress,stress-170-overfit,topological-direct,1.522383
stress,stress-170-overfit,session-direct-result,1.056354
stress,stress-170-overfit,one-point-refutation,0.476745
stress,stress-171-regression,produce,2.031696
stress,stress-171-regression,proof-check,2.792197
stress,stress-171-regression,topological-direct,1.56724
stress,stress-171-regression,session-direct-result,1.856904
stress,stress-171-regression,one-point-refutation,0.532498
stress,stress-172-undefined,produce,2.023233
stress,stress-172-undefined,proof-check,2.872167
stress,stress-172-undefined,topological-direct,1.603094
stress,stress-172-undefined,session-direct-result,0.979569
stress,stress-172-undefined,one-point-refutation,0.496234
stress,stress-173-correct,produce,1.756624
stress,stress-173-correct,proof-check,2.364375
stress,stress-173-correct,topological-direct,1.282884
stress,stress-173-correct,session-direct-result,1.430355
stress,stress-174-overfit,produce,1.92707
stress,stress-174-overfit,proof-check,2.686868
stress,stress-174-overfit,topological-direct,1.502823
stress,stress-174-overfit,session-direct-result,1.037105
stress,stress-174-overfit,one-point-refutation,0.471267
stress,stress-175-regression,produce,1.986589
stress,stress-175-regression,proof-check,2.777795
stress,stress-175-regression,topological-direct,1.516073
stress,stress-175-regression,session-direct-result,1.545528
stress,stress-175-regression,one-point-refutation,0.532809
stress,stress-176-undefined,produce,1.930495
stress,stress-176-undefined,proof-check,3.031345
stress,stress-176-undefined,topological-direct,1.608332
stress,stress-176-undefined,session-direct-result,0.78024
stress,stress-176-undefined,one-point-refutation,0.445408
stress,stress-177-correct,produce,1.624996
stress,stress-177-correct,proof-check,2.388802
stress,stress-177-correct,topological-direct,1.258317
stress,stress-177-correct,session-direct-result,1.442983
stress,stress-178-overfit,produce,1.896113
stress,stress-178-overfit,proof-check,2.718797
stress,stress-178-overfit,topological-direct,1.511616
stress,stress-178-overfit,session-direct-result,1.099058
stress,stress-178-overfit,one-point-refutation,0.501922
stress,stress-179-regression,produce,1.90072
stress,stress-179-regression,proof-check,2.917204
stress,stress-179-regression,topological-direct,1.549273
stress,stress-179-regression,session-direct-result,1.574491
stress,stress-179-regression,one-point-refutation,0.479309
stress,stress-180-undefined,produce,2.079879
stress,stress-180-undefined,proof-check,2.936413
stress,stress-180-undefined,topological-direct,1.797846
stress,stress-180-undefined,session-direct-result,0.754241
stress,stress-180-undefined,one-point-refutation,0.45371
stress,stress-181-correct,produce,1.73352
stress,stress-181-correct,proof-check,2.435052
stress,stress-181-correct,topological-direct,1.304987
stress,stress-181-correct,session-direct-result,1.432978
stress,stress-182-overfit,produce,1.973168
stress,stress-182-overfit,proof-check,2.765127
stress,stress-182-overfit,topological-direct,1.50694
stress,stress-182-overfit,session-direct-result,1.045738
stress,stress-182-overfit,one-point-refutation,0.5199
stress,stress-183-regression,produce,1.952398
stress,stress-183-regression,proof-check,3.036013
stress,stress-183-regression,topological-direct,1.552909
stress,stress-183-regression,session-direct-result,1.549424
stress,stress-183-regression,one-point-refutation,0.478968
stress,stress-184-undefined,produce,2.02725
stress,stress-184-undefined,proof-check,2.896252
stress,stress-184-undefined,topological-direct,1.640239
stress,stress-184-undefined,session-direct-result,0.775292
stress,stress-184-undefined,one-point-refutation,0.444516
stress,stress-185-correct,produce,1.686539
stress,stress-185-correct,proof-check,2.348071
stress,stress-185-correct,topological-direct,1.274441
stress,stress-185-correct,session-direct-result,1.458988
stress,stress-186-overfit,produce,1.963434
stress,stress-186-overfit,proof-check,2.66091
stress,stress-186-overfit,topological-direct,1.49377
stress,stress-186-overfit,session-direct-result,1.034751
stress,stress-186-overfit,one-point-refutation,0.501242
stress,stress-187-regression,produce,1.999498
stress,stress-187-regression,proof-check,2.865948
stress,stress-187-regression,topological-direct,1.549463
stress,stress-187-regression,session-direct-result,1.561391
stress,stress-187-regression,one-point-refutation,0.497967
stress,stress-188-undefined,produce,1.970345
stress,stress-188-undefined,proof-check,2.882102
stress,stress-188-undefined,topological-direct,1.648252
stress,stress-188-undefined,session-direct-result,0.783474
stress,stress-188-undefined,one-point-refutation,0.469554
stress,stress-189-correct,produce,1.685467
stress,stress-189-correct,proof-check,2.341772
stress,stress-189-correct,topological-direct,1.387941
stress,stress-189-correct,session-direct-result,1.43426
stress,stress-190-overfit,produce,1.911566
stress,stress-190-overfit,proof-check,2.891226
stress,stress-190-overfit,topological-direct,1.535683
stress,stress-190-overfit,session-direct-result,1.038027
stress,stress-190-overfit,one-point-refutation,0.473119
stress,stress-191-regression,produce,1.996524
stress,stress-191-regression,proof-check,2.8274
stress,stress-191-regression,topological-direct,1.550905
stress,stress-191-regression,session-direct-result,1.549564
stress,stress-191-regression,one-point-refutation,0.502674
stress,stress-192-undefined,produce,2.084165
stress,stress-192-undefined,proof-check,2.913148
stress,stress-192-undefined,topological-direct,1.606959
stress,stress-192-undefined,session-direct-result,0.775563
stress,stress-192-undefined,one-point-refutation,0.48
stress,stress-193-correct,produce,1.668963
stress,stress-193-correct,proof-check,2.355633
stress,stress-193-correct,topological-direct,1.269284
stress,stress-193-correct,session-direct-result,1.46055
stress,stress-194-overfit,produce,1.882152
stress,stress-194-overfit,proof-check,2.793178
stress,stress-194-overfit,topological-direct,1.481571
stress,stress-194-overfit,session-direct-result,1.033369
stress,stress-194-overfit,one-point-refutation,0.801382
stress,stress-195-regression,produce,1.996584
stress,stress-195-regression,proof-check,2.846669
stress,stress-195-regression,topological-direct,1.556194
stress,stress-195-regression,session-direct-result,1.567481
stress,stress-195-regression,one-point-refutation,0.500421
stress,stress-196-undefined,produce,1.992768
stress,stress-196-undefined,proof-check,2.912278
stress,stress-196-undefined,topological-direct,1.628983
stress,stress-196-undefined,session-direct-result,0.76744
stress,stress-196-undefined,one-point-refutation,0.448973
stress,stress-197-correct,produce,1.697325
stress,stress-197-correct,proof-check,2.339227
stress,stress-197-correct,topological-direct,1.294771
stress,stress-197-correct,session-direct-result,1.451607
stress,stress-198-overfit,produce,1.937346
stress,stress-198-overfit,proof-check,2.812488
stress,stress-198-overfit,topological-direct,1.501402
stress,stress-198-overfit,session-direct-result,1.303865
stress,stress-198-overfit,one-point-refutation,0.488944
stress,stress-199-regression,produce,2.042243
stress,stress-199-regression,proof-check,2.737004
stress,stress-199-regression,topological-direct,1.509884
stress,stress-199-regression,session-direct-result,1.564025
stress,stress-199-regression,one-point-refutation,0.484857
stress,stress-200-undefined,produce,1.990655
stress,stress-200-undefined,proof-check,2.898686
stress,stress-200-undefined,topological-direct,1.6342
stress,stress-200-undefined,session-direct-result,0.747291
stress,stress-200-undefined,one-point-refutation,0.455704
stress,stress-201-correct,produce,1.662303
stress,stress-201-correct,proof-check,2.346769
stress,stress-201-correct,topological-direct,1.257837
stress,stress-201-correct,session-direct-result,1.752498
stress,stress-202-overfit,produce,1.92676
stress,stress-202-overfit,proof-check,2.679268
stress,stress-202-overfit,topological-direct,1.521682
stress,stress-202-overfit,session-direct-result,1.032038
stress,stress-202-overfit,one-point-refutation,0.501682
stress,stress-203-regression,produce,1.98053
stress,stress-203-regression,proof-check,2.781981
stress,stress-203-regression,topological-direct,1.554081
stress,stress-203-regression,session-direct-result,1.527411
stress,stress-203-regression,one-point-refutation,0.486921
stress,stress-204-undefined,produce,2.010354
stress,stress-204-undefined,proof-check,2.91393
stress,stress-204-undefined,topological-direct,1.604836
stress,stress-204-undefined,session-direct-result,0.763975
stress,stress-204-undefined,one-point-refutation,0.488513
stress,stress-205-correct,produce,1.782233
stress,stress-205-correct,proof-check,2.389743
stress,stress-205-correct,topological-direct,1.255913
stress,stress-205-correct,session-direct-result,1.42066
stress,stress-206-overfit,produce,1.915282
stress,stress-206-overfit,proof-check,3.025457
stress,stress-206-overfit,topological-direct,1.495392
stress,stress-206-overfit,session-direct-result,1.044256
stress,stress-206-overfit,one-point-refutation,0.507151
stress,stress-207-regression,produce,1.944987
stress,stress-207-regression,proof-check,2.758005
stress,stress-207-regression,topological-direct,1.522633
stress,stress-207-regression,session-direct-result,1.516755
stress,stress-207-regression,one-point-refutation,0.509084
stress,stress-208-undefined,produce,1.955322
stress,stress-208-undefined,proof-check,2.898286
stress,stress-208-undefined,topological-direct,1.565207
stress,stress-208-undefined,session-direct-result,0.749564
stress,stress-208-undefined,one-point-refutation,0.447972
stress,stress-209-correct,produce,1.675052
stress,stress-209-correct,proof-check,2.275442
stress,stress-209-correct,topological-direct,1.263064
stress,stress-209-correct,session-direct-result,1.402222
stress,stress-210-overfit,produce,1.925166
stress,stress-210-overfit,proof-check,2.68076
stress,stress-210-overfit,topological-direct,1.483003
stress,stress-210-overfit,session-direct-result,1.025738
stress,stress-210-overfit,one-point-refutation,0.496945
stress,stress-211-regression,produce,1.972107
stress,stress-211-regression,proof-check,2.721501
stress,stress-211-regression,topological-direct,1.548201
stress,stress-211-regression,session-direct-result,1.509613
stress,stress-211-regression,one-point-refutation,0.532548
stress,stress-212-undefined,produce,1.964846
stress,stress-212-undefined,proof-check,2.849863
stress,stress-212-undefined,topological-direct,1.598596
stress,stress-212-undefined,session-direct-result,0.792478
stress,stress-212-undefined,one-point-refutation,0.444937
stress,stress-213-correct,produce,1.693609
stress,stress-213-correct,proof-check,2.388561
stress,stress-213-correct,topological-direct,1.273369
stress,stress-213-correct,session-direct-result,1.435342
stress,stress-214-overfit,produce,1.973299
stress,stress-214-overfit,proof-check,2.725146
stress,stress-214-overfit,topological-direct,1.482302
stress,stress-214-overfit,session-direct-result,1.049583
stress,stress-214-overfit,one-point-refutation,0.499318
stress,stress-215-regression,produce,1.97395
stress,stress-215-regression,proof-check,2.820519
stress,stress-215-regression,topological-direct,1.555953
stress,stress-215-regression,session-direct-result,1.548322
stress,stress-215-regression,one-point-refutation,0.476144
stress,stress-216-undefined,produce,2.019438
stress,stress-216-undefined,proof-check,2.925046
stress,stress-216-undefined,topological-direct,1.607861
stress,stress-216-undefined,session-direct-result,0.74735
stress,stress-216-undefined,one-point-refutation,0.486029
stress,stress-217-correct,produce,1.690364
stress,stress-217-correct,proof-check,2.395753
stress,stress-217-correct,topological-direct,1.27413
stress,stress-217-correct,session-direct-result,1.45397
stress,stress-218-overfit,produce,2.151446
stress,stress-218-overfit,proof-check,2.744645
stress,stress-218-overfit,topological-direct,1.583495
stress,stress-218-overfit,session-direct-result,1.034231
stress,stress-218-overfit,one-point-refutation,0.568503
stress,stress-219-regression,produce,1.969934
stress,stress-219-regression,proof-check,2.790094
stress,stress-219-regression,topological-direct,1.52767
stress,stress-219-regression,session-direct-result,1.533649
stress,stress-219-regression,one-point-refutation,0.507331
stress,stress-220-undefined,produce,1.997555
stress,stress-220-undefined,proof-check,2.858797
stress,stress-220-undefined,topological-direct,1.609364
stress,stress-220-undefined,session-direct-result,0.765678
stress,stress-220-undefined,one-point-refutation,0.481833
stress,stress-221-correct,produce,1.663384
stress,stress-221-correct,proof-check,2.319859
stress,stress-221-correct,topological-direct,1.296003
stress,stress-221-correct,session-direct-result,1.415502
stress,stress-222-overfit,produce,2.010044
stress,stress-222-overfit,proof-check,2.653399
stress,stress-222-overfit,topological-direct,1.510545
stress,stress-222-overfit,session-direct-result,1.049213
stress,stress-222-overfit,one-point-refutation,0.518448
stress,stress-223-regression,produce,2.122843
stress,stress-223-regression,proof-check,2.791647
stress,stress-223-regression,topological-direct,1.596374
stress,stress-223-regression,session-direct-result,1.541702
stress,stress-223-regression,one-point-refutation,0.504877
stress,stress-224-undefined,produce,2.002804
stress,stress-224-undefined,proof-check,2.906539
stress,stress-224-undefined,topological-direct,1.616564
stress,stress-224-undefined,session-direct-result,0.789905
stress,stress-224-undefined,one-point-refutation,0.442304
stress,stress-225-correct,produce,1.662272
stress,stress-225-correct,proof-check,2.46123
stress,stress-225-correct,topological-direct,1.269313
stress,stress-225-correct,session-direct-result,1.452608
stress,stress-226-overfit,produce,1.951727
stress,stress-226-overfit,proof-check,2.680339
stress,stress-226-overfit,topological-direct,1.484496
stress,stress-226-overfit,session-direct-result,1.059179
stress,stress-226-overfit,one-point-refutation,0.503975
stress,stress-227-regression,produce,1.94073
stress,stress-227-regression,proof-check,2.753469
stress,stress-227-regression,topological-direct,1.55373
stress,stress-227-regression,session-direct-result,1.769564
stress,stress-227-regression,one-point-refutation,0.486579
stress,stress-228-undefined,produce,2.066789
stress,stress-228-undefined,proof-check,2.879638
stress,stress-228-undefined,topological-direct,1.579749
stress,stress-228-undefined,session-direct-result,0.772208
stress,stress-228-undefined,one-point-refutation,0.478007
stress,stress-229-correct,produce,1.695132
stress,stress-229-correct,proof-check,2.35407
stress,stress-229-correct,topological-direct,1.477435
stress,stress-229-correct,session-direct-result,1.433329
stress,stress-230-overfit,produce,1.998176
stress,stress-230-overfit,proof-check,2.730885
stress,stress-230-overfit,topological-direct,1.744946
stress,stress-230-overfit,session-direct-result,1.036755
stress,stress-230-overfit,one-point-refutation,0.50689
stress,stress-231-regression,produce,1.985477
stress,stress-231-regression,proof-check,2.75439
stress,stress-231-regression,topological-direct,1.515082
stress,stress-231-regression,session-direct-result,1.558146
stress,stress-231-regression,one-point-refutation,0.480871
stress,stress-232-undefined,produce,1.998357
stress,stress-232-undefined,proof-check,2.914139
stress,stress-232-undefined,topological-direct,1.634761
stress,stress-232-undefined,session-direct-result,0.755973
stress,stress-232-undefined,one-point-refutation,0.476023
stress,stress-233-correct,produce,1.719528
stress,stress-233-correct,proof-check,2.416133
stress,stress-233-correct,topological-direct,1.311777
stress,stress-233-correct,session-direct-result,1.436153
stress,stress-234-overfit,produce,2.005077
stress,stress-234-overfit,proof-check,2.623905
stress,stress-234-overfit,topological-direct,1.600841
stress,stress-234-overfit,session-direct-result,1.039949
stress,stress-234-overfit,one-point-refutation,0.494692
stress,stress-235-regression,produce,1.961531
stress,stress-235-regression,proof-check,2.78103
stress,stress-235-regression,topological-direct,1.545908
stress,stress-235-regression,session-direct-result,1.521361
stress,stress-235-regression,one-point-refutation,0.534972
stress,stress-236-undefined,produce,1.98069
stress,stress-236-undefined,proof-check,2.949493
stress,stress-236-undefined,topological-direct,1.609494
stress,stress-236-undefined,session-direct-result,0.788282
stress,stress-236-undefined,one-point-refutation,0.442503
stress,stress-237-correct,produce,1.690986
stress,stress-237-correct,proof-check,2.347831
stress,stress-237-correct,topological-direct,1.284787
stress,stress-237-correct,session-direct-result,1.435443
stress,stress-238-overfit,produce,1.91406
stress,stress-238-overfit,proof-check,2.744445
stress,stress-238-overfit,topological-direct,1.496975
stress,stress-238-overfit,session-direct-result,1.055123
stress,stress-238-overfit,one-point-refutation,0.505878
stress,stress-239-regression,produce,1.932839
stress,stress-239-regression,proof-check,2.770334
stress,stress-239-regression,topological-direct,1.583485
stress,stress-239-regression,session-direct-result,1.523184
stress,stress-239-regression,one-point-refutation,0.481041
stress,stress-240-undefined,produce,1.984115
stress,stress-240-undefined,proof-check,2.898115
stress,stress-240-undefined,topological-direct,1.611516
stress,stress-240-undefined,session-direct-result,0.770806
stress,stress-240-undefined,one-point-refutation,0.474902
stress,stress-241-correct,produce,1.911957
stress,stress-241-correct,proof-check,2.342313
stress,stress-241-correct,topological-direct,1.322834
stress,stress-241-correct,session-direct-result,1.461201
stress,stress-242-overfit,produce,1.900149
stress,stress-242-overfit,proof-check,2.654871
stress,stress-242-overfit,topological-direct,1.497966
stress,stress-242-overfit,session-direct-result,1.024506
stress,stress-242-overfit,one-point-refutation,0.474271
stress,stress-243-regression,produce,1.914301
stress,stress-243-regression,proof-check,2.749433
stress,stress-243-regression,topological-direct,1.503925
stress,stress-243-regression,session-direct-result,1.534881
stress,stress-243-regression,one-point-refutation,0.471788
stress,stress-244-undefined,produce,1.970115
stress,stress-244-undefined,proof-check,2.902252
stress,stress-244-undefined,topological-direct,1.66082
stress,stress-244-undefined,session-direct-result,0.740139
stress,stress-244-undefined,one-point-refutation,0.446229
stress,stress-245-correct,produce,1.723485
stress,stress-245-correct,proof-check,2.268281
stress,stress-245-correct,topological-direct,1.257836
stress,stress-245-correct,session-direct-result,1.401011
stress,stress-246-overfit,produce,1.889083
stress,stress-246-overfit,proof-check,2.676393
stress,stress-246-overfit,topological-direct,1.497866
stress,stress-246-overfit,session-direct-result,1.023385
stress,stress-246-overfit,one-point-refutation,0.476785
stress,stress-247-regression,produce,1.981832
stress,stress-247-regression,proof-check,2.755722
stress,stress-247-regression,topological-direct,1.655953
stress,stress-247-regression,session-direct-result,1.547421
stress,stress-247-regression,one-point-refutation,0.511467
stress,stress-248-undefined,produce,1.972107
stress,stress-248-undefined,proof-check,2.965726
stress,stress-248-undefined,topological-direct,1.692979
stress,stress-248-undefined,session-direct-result,0.772168
stress,stress-248-undefined,one-point-refutation,0.475303
stress,stress-249-correct,produce,1.676163
stress,stress-249-correct,proof-check,2.32084
stress,stress-249-correct,topological-direct,1.247391
stress,stress-249-correct,session-direct-result,1.404616
stress,stress-250-overfit,produce,1.922152
stress,stress-250-overfit,proof-check,2.687851
stress,stress-250-overfit,topological-direct,1.485087
stress,stress-250-overfit,session-direct-result,1.023825
stress,stress-250-overfit,one-point-refutation,0.52685
stress,stress-251-regression,produce,1.916273
stress,stress-251-regression,proof-check,2.815692
stress,stress-251-regression,topological-direct,1.530324
stress,stress-251-regression,session-direct-result,1.541421
stress,stress-251-regression,one-point-refutation,0.504016
stress,stress-252-undefined,produce,2.033839
stress,stress-252-undefined,proof-check,2.961501
stress,stress-252-undefined,topological-direct,1.617826
stress,stress-252-undefined,session-direct-result,0.974581
stress,stress-252-undefined,one-point-refutation,0.506549
stress,stress-253-correct,produce,1.772899
stress,stress-253-correct,proof-check,2.362542
stress,stress-253-correct,topological-direct,1.270616
stress,stress-253-correct,session-direct-result,1.402223
stress,stress-254-overfit,produce,1.875132
stress,stress-254-overfit,proof-check,2.680129
stress,stress-254-overfit,topological-direct,1.502833
stress,stress-254-overfit,session-direct-result,1.044416
stress,stress-254-overfit,one-point-refutation,0.478498
stress,stress-255-regression,produce,1.956645
stress,stress-255-regression,proof-check,2.802011
stress,stress-255-regression,topological-direct,1.599558
stress,stress-255-regression,session-direct-result,1.529273
stress,stress-255-regression,one-point-refutation,0.5267
stress,stress-256-undefined,produce,1.957595
stress,stress-256-undefined,proof-check,2.890604
stress,stress-256-undefined,topological-direct,1.605467
stress,stress-256-undefined,session-direct-result,1.048182
stress,stress-256-undefined,one-point-refutation,0.533119
stress,stress-257-correct,produce,1.770315
stress,stress-257-correct,proof-check,2.342472
stress,stress-257-correct,topological-direct,1.276194
stress,stress-257-correct,session-direct-result,1.429504
stress,stress-258-overfit,produce,1.885137
stress,stress-258-overfit,proof-check,2.716253
stress,stress-258-overfit,topological-direct,1.487541
stress,stress-258-overfit,session-direct-result,1.06023
stress,stress-258-overfit,one-point-refutation,0.503605
stress,stress-259-regression,produce,1.992147
stress,stress-259-regression,proof-check,2.740269
stress,stress-259-regression,topological-direct,1.753429
stress,stress-259-regression,session-direct-result,1.560821
stress,stress-259-regression,one-point-refutation,0.478658
stress,stress-260-undefined,produce,2.079989
stress,stress-260-undefined,proof-check,2.931145
stress,stress-260-undefined,topological-direct,1.59412
stress,stress-260-undefined,session-direct-result,0.783314
stress,stress-260-undefined,one-point-refutation,0.447481
stress,stress-261-correct,produce,1.643664
stress,stress-261-correct,proof-check,2.343484
stress,stress-261-correct,topological-direct,1.228482
stress,stress-261-correct,session-direct-result,1.439378
stress,stress-262-overfit,produce,1.910585
stress,stress-262-overfit,proof-check,2.703894
stress,stress-262-overfit,topological-direct,1.482724
stress,stress-262-overfit,session-direct-result,1.026369
stress,stress-262-overfit,one-point-refutation,0.499489
stress,stress-263-regression,produce,1.950835
stress,stress-263-regression,proof-check,2.931345
stress,stress-263-regression,topological-direct,1.556954
stress,stress-263-regression,session-direct-result,1.548542
stress,stress-263-regression,one-point-refutation,0.504256
stress,stress-264-undefined,produce,2.00716
stress,stress-264-undefined,proof-check,3.108912
stress,stress-264-undefined,topological-direct,1.785377
stress,stress-264-undefined,session-direct-result,0.758327
stress,stress-264-undefined,one-point-refutation,0.467882
stress,stress-265-correct,produce,1.65406
stress,stress-265-correct,proof-check,2.326479
stress,stress-265-correct,topological-direct,1.269113
stress,stress-265-correct,session-direct-result,1.455052
stress,stress-266-overfit,produce,1.937195
stress,stress-266-overfit,proof-check,2.711435
stress,stress-266-overfit,topological-direct,1.651917
stress,stress-266-overfit,session-direct-result,1.028833
stress,stress-266-overfit,one-point-refutation,0.469033
stress,stress-267-regression,produce,1.985827
stress,stress-267-regression,proof-check,2.772026
stress,stress-267-regression,topological-direct,1.52668
stress,stress-267-regression,session-direct-result,1.509273
stress,stress-267-regression,one-point-refutation,0.523826
stress,stress-268-undefined,produce,1.926619
stress,stress-268-undefined,proof-check,2.946168
stress,stress-268-undefined,topological-direct,1.757716
stress,stress-268-undefined,session-direct-result,0.792469
stress,stress-268-undefined,one-point-refutation,0.46725
stress,stress-269-correct,produce,1.678607
stress,stress-269-correct,proof-check,2.349463
stress,stress-269-correct,topological-direct,1.269143
stress,stress-269-correct,session-direct-result,1.40717
stress,stress-270-overfit,produce,1.897666
stress,stress-270-overfit,proof-check,2.695041
stress,stress-270-overfit,topological-direct,1.461722
stress,stress-270-overfit,session-direct-result,1.070425
stress,stress-270-overfit,one-point-refutation,0.500211
stress,stress-271-regression,produce,2.002773
stress,stress-271-regression,proof-check,2.808921
stress,stress-271-regression,topological-direct,1.556023
stress,stress-271-regression,session-direct-result,1.536554
stress,stress-271-regression,one-point-refutation,0.482714
stress,stress-272-undefined,produce,2.016444
stress,stress-272-undefined,proof-check,2.93389
stress,stress-272-undefined,topological-direct,1.658467
stress,stress-272-undefined,session-direct-result,0.745268
stress,stress-272-undefined,one-point-refutation,0.477356
stress,stress-273-correct,produce,1.658256
stress,stress-273-correct,proof-check,2.338336
stress,stress-273-correct,topological-direct,1.251166
stress,stress-273-correct,session-direct-result,1.399859
stress,stress-274-overfit,produce,1.900791
stress,stress-274-overfit,proof-check,2.710114
stress,stress-274-overfit,topological-direct,1.638968
stress,stress-274-overfit,session-direct-result,1.033861
stress,stress-274-overfit,one-point-refutation,0.477165
stress,stress-275-regression,produce,1.933219
stress,stress-275-regression,proof-check,2.737775
stress,stress-275-regression,topological-direct,1.514211
stress,stress-275-regression,session-direct-result,1.548082
stress,stress-275-regression,one-point-refutation,0.475473
stress,stress-276-undefined,produce,2.236955
stress,stress-276-undefined,proof-check,2.914891
stress,stress-276-undefined,topological-direct,1.636053
stress,stress-276-undefined,session-direct-result,0.764055
stress,stress-276-undefined,one-point-refutation,0.442133
stress,stress-277-correct,produce,1.685397
stress,stress-277-correct,proof-check,2.303083
stress,stress-277-correct,topological-direct,1.27322
stress,stress-277-correct,session-direct-result,1.396775
stress,stress-278-overfit,produce,1.865928
stress,stress-278-overfit,proof-check,2.62728
stress,stress-278-overfit,topological-direct,1.497255
stress,stress-278-overfit,session-direct-result,1.031477
stress,stress-278-overfit,one-point-refutation,0.471888
stress,stress-279-regression,produce,1.963254
stress,stress-279-regression,proof-check,2.714651
stress,stress-279-regression,topological-direct,1.517886
stress,stress-279-regression,session-direct-result,1.52713
stress,stress-279-regression,one-point-refutation,0.502754
stress,stress-280-undefined,produce,1.956433
stress,stress-280-undefined,proof-check,2.899478
stress,stress-280-undefined,topological-direct,1.598507
stress,stress-280-undefined,session-direct-result,0.750575
stress,stress-280-undefined,one-point-refutation,0.445377
stress,stress-281-correct,produce,1.649513
stress,stress-281-correct,proof-check,2.321171
stress,stress-281-correct,topological-direct,1.256554
stress,stress-281-correct,session-direct-result,1.419167
stress,stress-282-overfit,produce,1.887491
stress,stress-282-overfit,proof-check,2.719228
stress,stress-282-overfit,topological-direct,1.501351
stress,stress-282-overfit,session-direct-result,1.032278
stress,stress-282-overfit,one-point-refutation,0.510275
stress,stress-283-regression,produce,1.985077
stress,stress-283-regression,proof-check,2.792788
stress,stress-283-regression,topological-direct,1.531467
stress,stress-283-regression,session-direct-result,1.554882
stress,stress-283-regression,one-point-refutation,0.504978
stress,stress-284-undefined,produce,2.005647
stress,stress-284-undefined,proof-check,2.880409
stress,stress-284-undefined,topological-direct,1.772507
stress,stress-284-undefined,session-direct-result,0.796204
stress,stress-284-undefined,one-point-refutation,0.480681
stress,stress-285-correct,produce,1.689213
stress,stress-285-correct,proof-check,2.326038
stress,stress-285-correct,topological-direct,1.29325
stress,stress-285-correct,session-direct-result,1.415893
stress,stress-286-overfit,produce,2.173609
stress,stress-286-overfit,proof-check,2.733679
stress,stress-286-overfit,topological-direct,2.262302
stress,stress-286-overfit,session-direct-result,1.056665
stress,stress-286-overfit,one-point-refutation,0.475914
stress,stress-287-regression,produce,2.005106
stress,stress-287-regression,proof-check,2.784275
stress,stress-287-regression,topological-direct,1.744135
stress,stress-287-regression,session-direct-result,1.60726
stress,stress-287-regression,one-point-refutation,0.54713
stress,stress-288-undefined,produce,1.991506
stress,stress-288-undefined,proof-check,3.178827
stress,stress-288-undefined,topological-direct,1.823354
stress,stress-288-undefined,session-direct-result,0.776264
stress,stress-288-undefined,one-point-refutation,0.455273
stress,stress-289-correct,produce,1.761692
stress,stress-289-correct,proof-check,2.330234
stress,stress-289-correct,topological-direct,1.345778
stress,stress-289-correct,session-direct-result,1.459328
stress,stress-290-overfit,produce,1.908402
stress,stress-290-overfit,proof-check,2.678877
stress,stress-290-overfit,topological-direct,1.456264
stress,stress-290-overfit,session-direct-result,1.026289
stress,stress-290-overfit,one-point-refutation,0.558187
stress,stress-291-regression,produce,1.976954
stress,stress-291-regression,proof-check,2.806838
stress,stress-291-regression,topological-direct,1.519238
stress,stress-291-regression,session-direct-result,1.555312
stress,stress-291-regression,one-point-refutation,0.509804
stress,stress-292-undefined,produce,2.124936
stress,stress-292-undefined,proof-check,2.943634
stress,stress-292-undefined,topological-direct,1.651737
stress,stress-292-undefined,session-direct-result,0.787281
stress,stress-292-undefined,one-point-refutation,0.472669
stress,stress-293-correct,produce,1.683335
stress,stress-293-correct,proof-check,2.35443
stress,stress-293-correct,topological-direct,1.238818
stress,stress-293-correct,session-direct-result,1.431086
stress,stress-294-overfit,produce,1.94123
stress,stress-294-overfit,proof-check,2.691736
stress,stress-294-overfit,topological-direct,1.522603
stress,stress-294-overfit,session-direct-result,1.039229
stress,stress-294-overfit,one-point-refutation,0.48008
stress,stress-295-regression,produce,2.030835
stress,stress-295-regression,proof-check,2.731225
stress,stress-295-regression,topological-direct,1.599619
stress,stress-295-regression,session-direct-result,1.58004
stress,stress-295-regression,one-point-refutation,0.507601
stress,stress-296-undefined,produce,1.986238
stress,stress-296-undefined,proof-check,2.86766
stress,stress-296-undefined,topological-direct,1.591346
stress,stress-296-undefined,session-direct-result,0.767962
stress,stress-296-undefined,one-point-refutation,0.449914
stress,stress-297-correct,produce,1.652678
stress,stress-297-correct,proof-check,2.325247
stress,stress-297-correct,topological-direct,1.271446
stress,stress-297-correct,session-direct-result,1.416083
stress,stress-298-overfit,produce,1.89348
stress,stress-298-overfit,proof-check,2.665016
stress,stress-298-overfit,topological-direct,1.526289
stress,stress-298-overfit,session-direct-result,1.040751
stress,stress-298-overfit,one-point-refutation,0.507932
stress,stress-299-regression,produce,1.986318
stress,stress-299-regression,proof-check,2.878577
stress,stress-299-regression,topological-direct,1.544936
stress,stress-299-regression,session-direct-result,1.545658
stress,stress-299-regression,one-point-refutation,0.488152
stress,stress-300-undefined,produce,1.972608
stress,stress-300-undefined,proof-check,2.877385
stress,stress-300-undefined,topological-direct,1.626109
stress,stress-300-undefined,session-direct-result,0.763505
stress,stress-300-undefined,one-point-refutation,0.476825
