repeat,id,method,milliseconds
0,fixture-01-correct,proof-check,1.528352
0,fixture-01-correct,topological-direct,0.925979
0,fixture-01-correct,session-direct-result,1.022833
0,fixture-01-correct,certificate-rebuild,3.668581
0,fixture-02-correct,proof-check,1.361552
0,fixture-02-correct,topological-direct,1.058277
0,fixture-02-correct,session-direct-result,1.105819
0,fixture-02-correct,certificate-rebuild,3.556383
0,fixture-03-correct,proof-check,1.719408
0,fixture-03-correct,topological-direct,0.938818
0,fixture-03-correct,session-direct-result,1.029433
0,fixture-03-correct,certificate-rebuild,4.992917
0,fixture-04-correct,proof-check,1.54054
0,fixture-04-correct,topological-direct,0.871217
0,fixture-04-correct,session-direct-result,0.915473
0,fixture-04-correct,certificate-rebuild,3.577033
0,fixture-05-correct,proof-check,1.492938
0,fixture-05-correct,topological-direct,0.916714
0,fixture-05-correct,session-direct-result,1.095133
0,fixture-05-correct,certificate-rebuild,4.790994
0,fixture-06-correct,proof-check,1.414961
0,fixture-06-correct,topological-direct,0.867771
0,fixture-06-correct,session-direct-result,1.141772
0,fixture-06-correct,certificate-rebuild,3.885957
0,fixture-07-correct,proof-check,1.499198
0,fixture-07-correct,topological-direct,0.983284
0,fixture-07-correct,session-direct-result,0.988281
0,fixture-07-correct,certificate-rebuild,3.763973
0,fixture-08-correct,proof-check,1.652859
0,fixture-08-correct,topological-direct,0.984887
0,fixture-08-correct,session-direct-result,1.095743
0,fixture-08-correct,certificate-rebuild,4.005506
0,fixture-09-correct,proof-check,2.245437
0,fixture-09-correct,topological-direct,1.365377
0,fixture-09-correct,session-direct-result,1.02073
0,fixture-09-correct,certificate-rebuild,11.854105
0,fixture-10-correct,proof-check,2.152307
0,fixture-10-correct,topological-direct,1.344245
0,fixture-10-correct,session-direct-result,1.023906
0,fixture-10-correct,certificate-rebuild,11.385562
0,fixture-11-correct,proof-check,1.674421
0,fixture-11-correct,topological-direct,1.001101
0,fixture-11-correct,session-direct-result,1.056785
0,fixture-11-correct,certificate-rebuild,5.70227
0,fixture-12-correct,proof-check,1.61386
0,fixture-12-correct,topological-direct,0.999229
0,fixture-12-correct,session-direct-result,0.899208
0,fixture-12-correct,certificate-rebuild,6.336421
0,fixture-13-correct,proof-check,1.699498
0,fixture-13-correct,topological-direct,1.083816
0,fixture-13-correct,session-direct-result,1.050545
0,fixture-13-correct,certificate-rebuild,5.243983
0,fixture-14-correct,proof-check,1.690845
0,fixture-14-correct,topological-direct,1.22703
0,fixture-14-correct,session-direct-result,1.229283
0,fixture-14-correct,certificate-rebuild,5.527879
0,fixture-15-correct,proof-check,1.844325
0,fixture-15-correct,topological-direct,1.40053
0,fixture-15-correct,session-direct-result,1.381512
0,fixture-15-correct,certificate-rebuild,5.374279
0,fixture-16-correct,proof-check,2.342964
0,fixture-16-correct,topological-direct,1.328962
0,fixture-16-correct,session-direct-result,1.070255
0,fixture-16-correct,certificate-rebuild,9.951102
0,fixture-17-correct,proof-check,2.3078
0,fixture-17-correct,topological-direct,1.576313
0,fixture-17-correct,session-direct-result,1.484867
0,fixture-17-correct,certificate-rebuild,19.16664
0,fixture-18-correct,proof-check,1.918888
0,fixture-18-correct,topological-direct,1.216053
0,fixture-18-correct,session-direct-result,1.586599
0,fixture-18-correct,certificate-rebuild,7.748158
0,fixture-19-correct,proof-check,1.310986
0,fixture-19-correct,topological-direct,0.792338
0,fixture-19-correct,session-direct-result,1.042763
0,fixture-19-correct,certificate-rebuild,3.023864
0,fixture-20-correct,proof-check,1.732197
0,fixture-20-correct,topological-direct,1.074111
0,fixture-20-correct,session-direct-result,1.358957
0,fixture-20-correct,certificate-rebuild,6.100218
1,fixture-01-correct,proof-check,1.491657
1,fixture-01-correct,topological-direct,0.933119
1,fixture-01-correct,session-direct-result,0.916204
1,fixture-01-correct,certificate-rebuild,3.675371
1,fixture-02-correct,proof-check,1.349233
1,fixture-02-correct,topological-direct,0.807231
1,fixture-02-correct,session-direct-result,0.896754
1,fixture-02-correct,certificate-rebuild,3.088572
1,fixture-03-correct,proof-check,1.542103
1,fixture-03-correct,topological-direct,0.934401
1,fixture-03-correct,session-direct-result,1.165107
1,fixture-03-correct,certificate-rebuild,4.340679
1,fixture-04-correct,proof-check,1.372869
1,fixture-04-correct,topological-direct,0.850525
1,fixture-04-correct,session-direct-result,0.889033
1,fixture-04-correct,certificate-rebuild,3.712928
1,fixture-05-correct,proof-check,1.485247
1,fixture-05-correct,topological-direct,1.045288
1,fixture-05-correct,session-direct-result,0.951036
1,fixture-05-correct,certificate-rebuild,4.670093
1,fixture-06-correct,proof-check,1.594511
1,fixture-06-correct,topological-direct,0.887431
1,fixture-06-correct,session-direct-result,1.052738
1,fixture-06-correct,certificate-rebuild,3.676614
1,fixture-07-correct,proof-check,1.694481
1,fixture-07-correct,topological-direct,0.875243
1,fixture-07-correct,session-direct-result,0.962984
1,fixture-07-correct,certificate-rebuild,3.779788
1,fixture-08-correct,proof-check,1.586179
1,fixture-08-correct,topological-direct,0.962233
1,fixture-08-correct,session-direct-result,0.951236
1,fixture-08-correct,certificate-rebuild,4.294169
1,fixture-09-correct,proof-check,2.118246
1,fixture-09-correct,topological-direct,1.39322
1,fixture-09-correct,session-direct-result,1.16041
1,fixture-09-correct,certificate-rebuild,11.233905
1,fixture-10-correct,proof-check,2.108782
1,fixture-10-correct,topological-direct,1.487851
1,fixture-10-correct,session-direct-result,1.04028
1,fixture-10-correct,certificate-rebuild,11.632393
1,fixture-11-correct,proof-check,1.689063
1,fixture-11-correct,topological-direct,1.190805
1,fixture-11-correct,session-direct-result,0.998547
1,fixture-11-correct,certificate-rebuild,5.831164
1,fixture-12-correct,proof-check,1.822974
1,fixture-12-correct,topological-direct,1.002203
1,fixture-12-correct,session-direct-result,1.03365
1,fixture-12-correct,certificate-rebuild,6.19559
1,fixture-13-correct,proof-check,1.851657
1,fixture-13-correct,topological-direct,1.135233
1,fixture-13-correct,session-direct-result,1.184997
1,fixture-13-correct,certificate-rebuild,5.256081
1,fixture-14-correct,proof-check,1.692508
1,fixture-14-correct,topological-direct,1.104256
1,fixture-14-correct,session-direct-result,1.025208
1,fixture-14-correct,certificate-rebuild,5.087899
1,fixture-15-correct,proof-check,1.584466
1,fixture-15-correct,topological-direct,1.010185
1,fixture-15-correct,session-direct-result,1.25362
1,fixture-15-correct,certificate-rebuild,5.878015
1,fixture-16-correct,proof-check,1.979839
1,fixture-16-correct,topological-direct,1.301832
1,fixture-16-correct,session-direct-result,1.285939
1,fixture-16-correct,certificate-rebuild,10.02374
1,fixture-17-correct,proof-check,2.335271
1,fixture-17-correct,topological-direct,1.530695
1,fixture-17-correct,session-direct-result,1.329003
1,fixture-17-correct,certificate-rebuild,21.42081
1,fixture-18-correct,proof-check,1.963875
1,fixture-18-correct,topological-direct,1.211186
1,fixture-18-correct,session-direct-result,1.525467
1,fixture-18-correct,certificate-rebuild,8.174387
1,fixture-19-correct,proof-check,1.657736
1,fixture-19-correct,topological-direct,0.819349
1,fixture-19-correct,session-direct-result,1.139088
1,fixture-19-correct,certificate-rebuild,3.154219
1,fixture-20-correct,proof-check,1.651556
1,fixture-20-correct,topological-direct,1.118578
1,fixture-20-correct,session-direct-result,1.164977
1,fixture-20-correct,certificate-rebuild,5.935821
2,fixture-01-correct,proof-check,1.470555
2,fixture-01-correct,topological-direct,0.997105
2,fixture-01-correct,session-direct-result,1.071818
2,fixture-01-correct,certificate-rebuild,3.880408
2,fixture-02-correct,proof-check,1.304847
2,fixture-02-correct,topological-direct,0.738067
2,fixture-02-correct,session-direct-result,1.058117
2,fixture-02-correct,certificate-rebuild,3.102712
2,fixture-03-correct,proof-check,1.575252
2,fixture-03-correct,topological-direct,1.007892
2,fixture-03-correct,session-direct-result,0.956314
2,fixture-03-correct,certificate-rebuild,4.765846
2,fixture-04-correct,proof-check,1.436303
2,fixture-04-correct,topological-direct,1.156364
2,fixture-04-correct,session-direct-result,1.099879
2,fixture-04-correct,certificate-rebuild,3.651295
2,fixture-05-correct,proof-check,1.508692
2,fixture-05-correct,topological-direct,1.101712
2,fixture-05-correct,session-direct-result,1.035613
2,fixture-05-correct,certificate-rebuild,4.852776
2,fixture-06-correct,proof-check,1.52673
2,fixture-06-correct,topological-direct,1.215503
2,fixture-06-correct,session-direct-result,0.943986
2,fixture-06-correct,certificate-rebuild,3.991956
2,fixture-07-correct,proof-check,1.650736
2,fixture-07-correct,topological-direct,1.037025
2,fixture-07-correct,session-direct-result,1.174872
2,fixture-07-correct,certificate-rebuild,3.595872
2,fixture-08-correct,proof-check,1.559258
2,fixture-08-correct,topological-direct,0.94689
2,fixture-08-correct,session-direct-result,1.15411
2,fixture-08-correct,certificate-rebuild,4.251665
2,fixture-09-correct,proof-check,2.097686
2,fixture-09-correct,topological-direct,1.396724
2,fixture-09-correct,session-direct-result,1.017176
2,fixture-09-correct,certificate-rebuild,11.747134
2,fixture-10-correct,proof-check,2.139509
2,fixture-10-correct,topological-direct,1.660009
2,fixture-10-correct,session-direct-result,1.209864
2,fixture-10-correct,certificate-rebuild,11.987145
2,fixture-11-correct,proof-check,1.753969
2,fixture-11-correct,topological-direct,1.090345
2,fixture-11-correct,session-direct-result,0.929914
2,fixture-11-correct,certificate-rebuild,6.231003
2,fixture-12-correct,proof-check,1.731696
2,fixture-12-correct,topological-direct,1.016354
2,fixture-12-correct,session-direct-result,0.931827
2,fixture-12-correct,certificate-rebuild,5.874439
2,fixture-13-correct,proof-check,1.726198
2,fixture-13-correct,topological-direct,1.162423
2,fixture-13-correct,session-direct-result,1.21387
2,fixture-13-correct,certificate-rebuild,5.105445
2,fixture-14-correct,proof-check,1.910716
2,fixture-14-correct,topological-direct,1.103514
2,fixture-14-correct,session-direct-result,1.045598
2,fixture-14-correct,certificate-rebuild,5.31522
2,fixture-15-correct,proof-check,1.609393
2,fixture-15-correct,topological-direct,1.129724
2,fixture-15-correct,session-direct-result,1.216384
2,fixture-15-correct,certificate-rebuild,5.689992
2,fixture-16-correct,proof-check,1.94072
2,fixture-16-correct,topological-direct,1.30679
2,fixture-16-correct,session-direct-result,1.489674
2,fixture-16-correct,certificate-rebuild,10.304632
2,fixture-17-correct,proof-check,2.282533
2,fixture-17-correct,topological-direct,1.600069
2,fixture-17-correct,session-direct-result,1.51355
2,fixture-17-correct,certificate-rebuild,20.292138
2,fixture-18-correct,proof-check,2.30068
2,fixture-18-correct,topological-direct,1.217416
2,fixture-18-correct,session-direct-result,1.204285
2,fixture-18-correct,certificate-rebuild,8.0158
2,fixture-19-correct,proof-check,1.464506
2,fixture-19-correct,topological-direct,0.902824
2,fixture-19-correct,session-direct-result,1.117315
2,fixture-19-correct,certificate-rebuild,3.0871
2,fixture-20-correct,proof-check,1.730194
2,fixture-20-correct,topological-direct,1.059069
2,fixture-20-correct,session-direct-result,1.320761
2,fixture-20-correct,certificate-rebuild,6.251594
3,fixture-01-correct,proof-check,1.563905
3,fixture-01-correct,topological-direct,0.934542
3,fixture-01-correct,session-direct-result,1.214841
3,fixture-01-correct,certificate-rebuild,5.079417
3,fixture-02-correct,proof-check,1.784726
3,fixture-02-correct,topological-direct,1.02665
3,fixture-02-correct,session-direct-result,1.257696
3,fixture-02-correct,certificate-rebuild,3.048541
3,fixture-03-correct,proof-check,1.556845
3,fixture-03-correct,topological-direct,0.924286
3,fixture-03-correct,session-direct-result,1.075623
3,fixture-03-correct,certificate-rebuild,4.889711
3,fixture-04-correct,proof-check,1.609434
3,fixture-04-correct,topological-direct,0.955703
3,fixture-04-correct,session-direct-result,1.052839
3,fixture-04-correct,certificate-rebuild,3.875892
3,fixture-05-correct,proof-check,1.706159
3,fixture-05-correct,topological-direct,1.125708
3,fixture-05-correct,session-direct-result,1.138618
3,fixture-05-correct,certificate-rebuild,4.713338
3,fixture-06-correct,proof-check,1.406929
3,fixture-06-correct,topological-direct,0.92719
3,fixture-06-correct,session-direct-result,1.149303
3,fixture-06-correct,certificate-rebuild,4.217314
3,fixture-07-correct,proof-check,1.552578
3,fixture-07-correct,topological-direct,1.032738
3,fixture-07-correct,session-direct-result,0.944427
3,fixture-07-correct,certificate-rebuild,4.823072
3,fixture-08-correct,proof-check,2.825748
3,fixture-08-correct,topological-direct,0.999789
3,fixture-08-correct,session-direct-result,1.128192
3,fixture-08-correct,certificate-rebuild,4.14851
3,fixture-09-correct,proof-check,2.389072
3,fixture-09-correct,topological-direct,1.597085
3,fixture-09-correct,session-direct-result,1.120991
3,fixture-09-correct,certificate-rebuild,11.85709
3,fixture-10-correct,proof-check,2.15452
3,fixture-10-correct,topological-direct,1.375553
3,fixture-10-correct,session-direct-result,1.054511
3,fixture-10-correct,certificate-rebuild,11.702698
3,fixture-11-correct,proof-check,1.678216
3,fixture-11-correct,topological-direct,1.032428
3,fixture-11-correct,session-direct-result,1.137967
3,fixture-11-correct,certificate-rebuild,5.814919
3,fixture-12-correct,proof-check,1.617906
3,fixture-12-correct,topological-direct,1.048542
3,fixture-12-correct,session-direct-result,1.044126
3,fixture-12-correct,certificate-rebuild,5.86197
3,fixture-13-correct,proof-check,1.77365
3,fixture-13-correct,topological-direct,1.067942
3,fixture-13-correct,session-direct-result,1.182823
3,fixture-13-correct,certificate-rebuild,5.167509
3,fixture-14-correct,proof-check,1.665738
3,fixture-14-correct,topological-direct,1.108983
3,fixture-14-correct,session-direct-result,1.249664
3,fixture-14-correct,certificate-rebuild,5.503442
3,fixture-15-correct,proof-check,1.599718
3,fixture-15-correct,topological-direct,1.04689
3,fixture-15-correct,session-direct-result,1.276975
3,fixture-15-correct,certificate-rebuild,5.295541
3,fixture-16-correct,proof-check,2.054842
3,fixture-16-correct,topological-direct,1.24024
3,fixture-16-correct,session-direct-result,1.161452
3,fixture-16-correct,certificate-rebuild,9.517912
3,fixture-17-correct,proof-check,2.38775
3,fixture-17-correct,topological-direct,1.553018
3,fixture-17-correct,session-direct-result,1.49363
3,fixture-17-correct,certificate-rebuild,19.990256
3,fixture-18-correct,proof-check,1.890184
3,fixture-18-correct,topological-direct,1.198256
3,fixture-18-correct,session-direct-result,1.793409
3,fixture-18-correct,certificate-rebuild,7.964223
3,fixture-19-correct,proof-check,1.337796
3,fixture-19-correct,topological-direct,0.78683
3,fixture-19-correct,session-direct-result,0.938738
3,fixture-19-correct,certificate-rebuild,2.969683
3,fixture-20-correct,proof-check,1.610635
3,fixture-20-correct,topological-direct,1.069554
3,fixture-20-correct,session-direct-result,1.332247
3,fixture-20-correct,certificate-rebuild,5.969862
4,fixture-01-correct,proof-check,1.418588
4,fixture-01-correct,topological-direct,0.863134
4,fixture-01-correct,session-direct-result,0.890836
4,fixture-01-correct,certificate-rebuild,3.761551
4,fixture-02-correct,proof-check,1.392018
4,fixture-02-correct,topological-direct,0.885007
4,fixture-02-correct,session-direct-result,0.893831
4,fixture-02-correct,certificate-rebuild,3.126178
4,fixture-03-correct,proof-check,1.495442
4,fixture-03-correct,topological-direct,0.978057
4,fixture-03-correct,session-direct-result,1.161191
4,fixture-03-correct,certificate-rebuild,5.127199
4,fixture-04-correct,proof-check,1.429153
4,fixture-04-correct,topological-direct,0.974362
4,fixture-04-correct,session-direct-result,0.967501
4,fixture-04-correct,certificate-rebuild,3.845146
4,fixture-05-correct,proof-check,1.482082
4,fixture-05-correct,topological-direct,0.930275
4,fixture-05-correct,session-direct-result,0.967651
4,fixture-05-correct,certificate-rebuild,4.693888
4,fixture-06-correct,proof-check,1.428762
4,fixture-06-correct,topological-direct,1.183344
4,fixture-06-correct,session-direct-result,1.152258
4,fixture-06-correct,certificate-rebuild,3.583153
4,fixture-07-correct,proof-check,1.472569
4,fixture-07-correct,topological-direct,0.87304
4,fixture-07-correct,session-direct-result,0.896284
4,fixture-07-correct,certificate-rebuild,3.72082
4,fixture-08-correct,proof-check,1.586028
4,fixture-08-correct,topological-direct,0.94007
4,fixture-08-correct,session-direct-result,1.111277
4,fixture-08-correct,certificate-rebuild,4.216432
4,fixture-09-correct,proof-check,2.141371
4,fixture-09-correct,topological-direct,1.46031
4,fixture-09-correct,session-direct-result,1.148693
4,fixture-09-correct,certificate-rebuild,12.073685
4,fixture-10-correct,proof-check,2.16068
4,fixture-10-correct,topological-direct,1.364356
4,fixture-10-correct,session-direct-result,1.04024
4,fixture-10-correct,certificate-rebuild,12.173124
4,fixture-11-correct,proof-check,1.736144
4,fixture-11-correct,topological-direct,1.190535
4,fixture-11-correct,session-direct-result,1.12046
4,fixture-11-correct,certificate-rebuild,5.927849
4,fixture-12-correct,proof-check,2.653679
4,fixture-12-correct,topological-direct,1.045868
4,fixture-12-correct,session-direct-result,1.092718
4,fixture-12-correct,certificate-rebuild,5.839837
4,fixture-13-correct,proof-check,1.796584
4,fixture-13-correct,topological-direct,1.15334
4,fixture-13-correct,session-direct-result,1.156314
4,fixture-13-correct,certificate-rebuild,5.773117
4,fixture-14-correct,proof-check,1.767941
4,fixture-14-correct,topological-direct,1.071367
4,fixture-14-correct,session-direct-result,1.045918
4,fixture-14-correct,certificate-rebuild,5.080187
4,fixture-15-correct,proof-check,1.759128
4,fixture-15-correct,topological-direct,1.044226
4,fixture-15-correct,session-direct-result,1.352047
4,fixture-15-correct,certificate-rebuild,5.23547
4,fixture-16-correct,proof-check,2.052068
4,fixture-16-correct,topological-direct,1.257095
4,fixture-16-correct,session-direct-result,1.259969
4,fixture-16-correct,certificate-rebuild,11.055678
4,fixture-17-correct,proof-check,2.294331
4,fixture-17-correct,topological-direct,1.66026
4,fixture-17-correct,session-direct-result,1.317115
4,fixture-17-correct,certificate-rebuild,19.678898
4,fixture-18-correct,proof-check,1.962302
4,fixture-18-correct,topological-direct,1.310035
4,fixture-18-correct,session-direct-result,1.44693
4,fixture-18-correct,certificate-rebuild,8.284523
4,fixture-19-correct,proof-check,1.495362
4,fixture-19-correct,topological-direct,0.821852
4,fixture-19-correct,session-direct-result,1.321812
4,fixture-19-correct,certificate-rebuild,3.143714
4,fixture-20-correct,proof-check,1.694942
4,fixture-20-correct,topological-direct,1.08009
4,fixture-20-correct,session-direct-result,1.127551
4,fixture-20-correct,certificate-rebuild,5.938745
5,fixture-01-correct,proof-check,1.422563
5,fixture-01-correct,topological-direct,0.852018
5,fixture-01-correct,session-direct-result,1.030616
5,fixture-01-correct,certificate-rebuild,3.442201
5,fixture-02-correct,proof-check,1.508912
5,fixture-02-correct,topological-direct,0.82696
5,fixture-02-correct,session-direct-result,1.05374
5,fixture-02-correct,certificate-rebuild,3.264715
5,fixture-03-correct,proof-check,1.521742
5,fixture-03-correct,topological-direct,0.935493
5,fixture-03-correct,session-direct-result,0.956654
5,fixture-03-correct,certificate-rebuild,4.644284
5,fixture-04-correct,proof-check,1.463905
5,fixture-04-correct,topological-direct,1.010225
5,fixture-04-correct,session-direct-result,1.083004
5,fixture-04-correct,certificate-rebuild,3.636373
5,fixture-05-correct,proof-check,1.472107
5,fixture-05-correct,topological-direct,0.928752
5,fixture-05-correct,session-direct-result,0.944877
5,fixture-05-correct,certificate-rebuild,4.678396
5,fixture-06-correct,proof-check,1.4141
5,fixture-06-correct,topological-direct,0.883605
5,fixture-06-correct,session-direct-result,0.897516
5,fixture-06-correct,certificate-rebuild,3.884716
5,fixture-07-correct,proof-check,1.579478
5,fixture-07-correct,topological-direct,0.904286
5,fixture-07-correct,session-direct-result,1.109093
5,fixture-07-correct,certificate-rebuild,3.716393
5,fixture-08-correct,proof-check,1.706168
5,fixture-08-correct,topological-direct,1.102373
5,fixture-08-correct,session-direct-result,0.946449
5,fixture-08-correct,certificate-rebuild,4.286317
5,fixture-09-correct,proof-check,2.13364
5,fixture-09-correct,topological-direct,1.343635
5,fixture-09-correct,session-direct-result,0.995162
5,fixture-09-correct,certificate-rebuild,11.689198
5,fixture-10-correct,proof-check,2.143845
5,fixture-10-correct,topological-direct,1.650555
5,fixture-10-correct,session-direct-result,1.201742
5,fixture-10-correct,certificate-rebuild,12.812323
5,fixture-11-correct,proof-check,1.736363
5,fixture-11-correct,topological-direct,1.010976
5,fixture-11-correct,session-direct-result,0.927892
5,fixture-11-correct,certificate-rebuild,6.156461
5,fixture-12-correct,proof-check,1.624816
5,fixture-12-correct,topological-direct,0.999168
5,fixture-12-correct,session-direct-result,0.958748
5,fixture-12-correct,certificate-rebuild,5.849241
5,fixture-13-correct,proof-check,1.792378
5,fixture-13-correct,topological-direct,1.114571
5,fixture-13-correct,session-direct-result,1.273719
5,fixture-13-correct,certificate-rebuild,5.153097
5,fixture-14-correct,proof-check,1.744496
5,fixture-14-correct,topological-direct,1.120029
5,fixture-14-correct,session-direct-result,1.057245
5,fixture-14-correct,certificate-rebuild,5.423162
5,fixture-15-correct,proof-check,1.612929
5,fixture-15-correct,topological-direct,0.996905
5,fixture-15-correct,session-direct-result,1.078768
5,fixture-15-correct,certificate-rebuild,5.445135
5,fixture-16-correct,proof-check,2.009754
5,fixture-16-correct,topological-direct,1.394862
5,fixture-16-correct,session-direct-result,1.355553
5,fixture-16-correct,certificate-rebuild,10.249119
5,fixture-17-correct,proof-check,2.291546
5,fixture-17-correct,topological-direct,1.506279
5,fixture-17-correct,session-direct-result,1.516544
5,fixture-17-correct,certificate-rebuild,19.242254
5,fixture-18-correct,proof-check,1.948082
5,fixture-18-correct,topological-direct,1.310966
5,fixture-18-correct,session-direct-result,1.461071
5,fixture-18-correct,certificate-rebuild,7.973435
5,fixture-19-correct,proof-check,1.334051
5,fixture-19-correct,topological-direct,0.785318
5,fixture-19-correct,session-direct-result,1.16697
5,fixture-19-correct,certificate-rebuild,3.116353
5,fixture-20-correct,proof-check,1.633139
5,fixture-20-correct,topological-direct,1.037325
5,fixture-20-correct,session-direct-result,1.316704
5,fixture-20-correct,certificate-rebuild,6.229421
6,fixture-01-correct,proof-check,1.422163
6,fixture-01-correct,topological-direct,0.994691
6,fixture-01-correct,session-direct-result,0.930215
6,fixture-01-correct,certificate-rebuild,3.496162
6,fixture-02-correct,proof-check,1.286088
6,fixture-02-correct,topological-direct,0.750576
6,fixture-02-correct,session-direct-result,1.025628
6,fixture-02-correct,certificate-rebuild,3.10727
6,fixture-03-correct,proof-check,1.590105
6,fixture-03-correct,topological-direct,0.941201
6,fixture-03-correct,session-direct-result,0.926739
6,fixture-03-correct,certificate-rebuild,4.460218
6,fixture-04-correct,proof-check,1.631256
6,fixture-04-correct,topological-direct,1.003855
6,fixture-04-correct,session-direct-result,0.991137
6,fixture-04-correct,certificate-rebuild,3.617785
6,fixture-05-correct,proof-check,1.501231
6,fixture-05-correct,topological-direct,0.904917
6,fixture-05-correct,session-direct-result,1.112418
6,fixture-05-correct,certificate-rebuild,4.669372
6,fixture-06-correct,proof-check,1.447049
6,fixture-06-correct,topological-direct,0.871316
6,fixture-06-correct,session-direct-result,0.926279
6,fixture-06-correct,certificate-rebuild,3.988411
6,fixture-07-correct,proof-check,1.544105
6,fixture-07-correct,topological-direct,0.912879
6,fixture-07-correct,session-direct-result,0.890886
6,fixture-07-correct,certificate-rebuild,3.55488
6,fixture-08-correct,proof-check,1.574501
6,fixture-08-correct,topological-direct,0.944005
6,fixture-08-correct,session-direct-result,1.079969
6,fixture-08-correct,certificate-rebuild,4.542581
6,fixture-09-correct,proof-check,2.152047
6,fixture-09-correct,topological-direct,1.344677
6,fixture-09-correct,session-direct-result,1.017876
6,fixture-09-correct,certificate-rebuild,11.665201
6,fixture-10-correct,proof-check,2.172518
6,fixture-10-correct,topological-direct,1.759539
6,fixture-10-correct,session-direct-result,1.067561
6,fixture-10-correct,certificate-rebuild,12.204301
6,fixture-11-correct,proof-check,1.669263
6,fixture-11-correct,topological-direct,1.058688
6,fixture-11-correct,session-direct-result,1.349413
6,fixture-11-correct,certificate-rebuild,5.985675
6,fixture-12-correct,proof-check,1.682633
6,fixture-12-correct,topological-direct,1.011336
6,fixture-12-correct,session-direct-result,0.922814
6,fixture-12-correct,certificate-rebuild,5.838395
6,fixture-13-correct,proof-check,2.127561
6,fixture-13-correct,topological-direct,1.229273
6,fixture-13-correct,session-direct-result,1.088692
6,fixture-13-correct,certificate-rebuild,5.444204
6,fixture-14-correct,proof-check,1.719489
6,fixture-14-correct,topological-direct,1.094971
6,fixture-14-correct,session-direct-result,1.183525
6,fixture-14-correct,certificate-rebuild,5.225756
6,fixture-15-correct,proof-check,1.701802
6,fixture-15-correct,topological-direct,1.046639
6,fixture-15-correct,session-direct-result,1.551166
6,fixture-15-correct,certificate-rebuild,5.373418
6,fixture-16-correct,proof-check,1.93387
6,fixture-16-correct,topological-direct,1.302513
6,fixture-16-correct,session-direct-result,1.301701
6,fixture-16-correct,certificate-rebuild,9.375578
6,fixture-17-correct,proof-check,2.427881
6,fixture-17-correct,topological-direct,1.595383
6,fixture-17-correct,session-direct-result,1.512989
6,fixture-17-correct,certificate-rebuild,19.633099
6,fixture-18-correct,proof-check,2.003704
6,fixture-18-correct,topological-direct,1.208052
6,fixture-18-correct,session-direct-result,1.434952
6,fixture-18-correct,certificate-rebuild,8.053896
6,fixture-19-correct,proof-check,3.336734
6,fixture-19-correct,topological-direct,0.813019
6,fixture-19-correct,session-direct-result,1.092809
6,fixture-19-correct,certificate-rebuild,5.200058
6,fixture-20-correct,proof-check,1.683144
6,fixture-20-correct,topological-direct,1.052699
6,fixture-20-correct,session-direct-result,1.610345
6,fixture-20-correct,certificate-rebuild,6.409892
7,fixture-01-correct,proof-check,1.607521
7,fixture-01-correct,topological-direct,0.983675
7,fixture-01-correct,session-direct-result,1.024165
7,fixture-01-correct,certificate-rebuild,4.071415
7,fixture-02-correct,proof-check,1.335452
7,fixture-02-correct,topological-direct,0.976594
7,fixture-02-correct,session-direct-result,1.004517
7,fixture-02-correct,certificate-rebuild,3.291476
7,fixture-03-correct,proof-check,1.496714
7,fixture-03-correct,topological-direct,0.930075
7,fixture-03-correct,session-direct-result,1.121281
7,fixture-03-correct,certificate-rebuild,6.432706
7,fixture-04-correct,proof-check,1.434471
7,fixture-04-correct,topological-direct,0.908132
7,fixture-04-correct,session-direct-result,0.937847
7,fixture-04-correct,certificate-rebuild,4.114399
7,fixture-05-correct,proof-check,1.799148
7,fixture-05-correct,topological-direct,0.971316
7,fixture-05-correct,session-direct-result,1.022883
7,fixture-05-correct,certificate-rebuild,4.523282
7,fixture-06-correct,proof-check,1.443795
7,fixture-06-correct,topological-direct,1.048552
7,fixture-06-correct,session-direct-result,1.13406
7,fixture-06-correct,certificate-rebuild,6.511624
7,fixture-07-correct,proof-check,1.524466
7,fixture-07-correct,topological-direct,0.892899
7,fixture-07-correct,session-direct-result,0.939759
7,fixture-07-correct,certificate-rebuild,3.748321
7,fixture-08-correct,proof-check,1.889984
7,fixture-08-correct,topological-direct,1.06055
7,fixture-08-correct,session-direct-result,0.954432
7,fixture-08-correct,certificate-rebuild,4.042602
7,fixture-09-correct,proof-check,2.443173
7,fixture-09-correct,topological-direct,1.556864
7,fixture-09-correct,session-direct-result,1.214061
7,fixture-09-correct,certificate-rebuild,11.603119
7,fixture-10-correct,proof-check,2.232528
7,fixture-10-correct,topological-direct,1.431025
7,fixture-10-correct,session-direct-result,1.0471
7,fixture-10-correct,certificate-rebuild,12.629077
7,fixture-11-correct,proof-check,1.930055
7,fixture-11-correct,topological-direct,1.037536
7,fixture-11-correct,session-direct-result,0.955302
7,fixture-11-correct,certificate-rebuild,5.961799
7,fixture-12-correct,proof-check,1.651086
7,fixture-12-correct,topological-direct,1.079649
7,fixture-12-correct,session-direct-result,1.113319
7,fixture-12-correct,certificate-rebuild,5.970693
7,fixture-13-correct,proof-check,1.668782
7,fixture-13-correct,topological-direct,1.163896
7,fixture-13-correct,session-direct-result,1.115503
7,fixture-13-correct,certificate-rebuild,5.592706
7,fixture-14-correct,proof-check,1.74723
7,fixture-14-correct,topological-direct,1.356885
7,fixture-14-correct,session-direct-result,1.275773
7,fixture-14-correct,certificate-rebuild,5.289452
7,fixture-15-correct,proof-check,1.847149
7,fixture-15-correct,topological-direct,1.037685
7,fixture-15-correct,session-direct-result,1.405578
7,fixture-15-correct,certificate-rebuild,5.422311
7,fixture-16-correct,proof-check,1.950945
7,fixture-16-correct,topological-direct,1.254221
7,fixture-16-correct,session-direct-result,1.277125
7,fixture-16-correct,certificate-rebuild,9.801357
7,fixture-17-correct,proof-check,2.27402
7,fixture-17-correct,topological-direct,2.639878
7,fixture-17-correct,session-direct-result,1.77393
7,fixture-17-correct,certificate-rebuild,20.969824
7,fixture-18-correct,proof-check,1.898957
7,fixture-18-correct,topological-direct,1.229754
7,fixture-18-correct,session-direct-result,1.630054
7,fixture-18-correct,certificate-rebuild,8.039906
7,fixture-19-correct,proof-check,1.352768
7,fixture-19-correct,topological-direct,0.778507
7,fixture-19-correct,session-direct-result,1.196104
7,fixture-19-correct,certificate-rebuild,3.180599
7,fixture-20-correct,proof-check,1.678477
7,fixture-20-correct,topological-direct,1.136825
7,fixture-20-correct,session-direct-result,1.226599
7,fixture-20-correct,certificate-rebuild,6.046597
8,fixture-01-correct,proof-check,1.406389
8,fixture-01-correct,topological-direct,0.910135
8,fixture-01-correct,session-direct-result,1.142123
8,fixture-01-correct,certificate-rebuild,3.794069
8,fixture-02-correct,proof-check,1.35997
8,fixture-02-correct,topological-direct,0.770125
8,fixture-02-correct,session-direct-result,1.160079
8,fixture-02-correct,certificate-rebuild,3.026658
8,fixture-03-correct,proof-check,1.60696
8,fixture-03-correct,topological-direct,0.909905
8,fixture-03-correct,session-direct-result,0.935053
8,fixture-03-correct,certificate-rebuild,4.32794
8,fixture-04-correct,proof-check,1.425497
8,fixture-04-correct,topological-direct,1.043004
8,fixture-04-correct,session-direct-result,1.123154
8,fixture-04-correct,certificate-rebuild,3.526488
8,fixture-05-correct,proof-check,1.476354
8,fixture-05-correct,topological-direct,0.94686
8,fixture-05-correct,session-direct-result,0.939358
8,fixture-05-correct,certificate-rebuild,4.645876
8,fixture-06-correct,proof-check,1.446029
8,fixture-06-correct,topological-direct,0.97993
8,fixture-06-correct,session-direct-result,0.90046
8,fixture-06-correct,certificate-rebuild,3.835762
8,fixture-07-correct,proof-check,1.471387
8,fixture-07-correct,topological-direct,0.889473
8,fixture-07-correct,session-direct-result,1.192659
8,fixture-07-correct,certificate-rebuild,3.65439
8,fixture-08-correct,proof-check,1.56099
8,fixture-08-correct,topological-direct,1.052598
8,fixture-08-correct,session-direct-result,0.995092
8,fixture-08-correct,certificate-rebuild,4.294539
8,fixture-09-correct,proof-check,2.090514
8,fixture-09-correct,topological-direct,1.343154
8,fixture-09-correct,session-direct-result,1.233089
8,fixture-09-correct,certificate-rebuild,12.029248
8,fixture-10-correct,proof-check,2.170926
8,fixture-10-correct,topological-direct,1.468242
8,fixture-10-correct,session-direct-result,1.445207
8,fixture-10-correct,certificate-rebuild,11.546624
8,fixture-11-correct,proof-check,1.633179
8,fixture-11-correct,topological-direct,1.024857
8,fixture-11-correct,session-direct-result,0.919038
8,fixture-11-correct,certificate-rebuild,5.887539
8,fixture-12-correct,proof-check,1.628492
8,fixture-12-correct,topological-direct,1.024917
8,fixture-12-correct,session-direct-result,0.905648
8,fixture-12-correct,certificate-rebuild,5.838515
8,fixture-13-correct,proof-check,1.699378
8,fixture-13-correct,topological-direct,1.062704
8,fixture-13-correct,session-direct-result,1.22015
8,fixture-13-correct,certificate-rebuild,5.132516
8,fixture-14-correct,proof-check,1.695202
8,fixture-14-correct,topological-direct,1.100129
8,fixture-14-correct,session-direct-result,1.459188
8,fixture-14-correct,certificate-rebuild,5.418064
8,fixture-15-correct,proof-check,1.603465
8,fixture-15-correct,topological-direct,1.036454
8,fixture-15-correct,session-direct-result,1.098777
8,fixture-15-correct,certificate-rebuild,5.398295
8,fixture-16-correct,proof-check,2.229213
8,fixture-16-correct,topological-direct,1.303425
8,fixture-16-correct,session-direct-result,1.238467
8,fixture-16-correct,certificate-rebuild,9.641186
8,fixture-17-correct,proof-check,2.361741
8,fixture-17-correct,topological-direct,1.530926
8,fixture-17-correct,session-direct-result,1.649314
8,fixture-17-correct,certificate-rebuild,20.002694
8,fixture-18-correct,proof-check,2.015042
8,fixture-18-correct,topological-direct,1.292649
8,fixture-18-correct,session-direct-result,1.22721
8,fixture-18-correct,certificate-rebuild,7.641429
8,fixture-19-correct,proof-check,1.316804
8,fixture-19-correct,topological-direct,0.796044
8,fixture-19-correct,session-direct-result,1.082503
8,fixture-19-correct,certificate-rebuild,2.985947
8,fixture-20-correct,proof-check,1.640269
8,fixture-20-correct,topological-direct,1.111296
8,fixture-20-correct,session-direct-result,1.598628
8,fixture-20-correct,certificate-rebuild,6.258335
9,fixture-01-correct,proof-check,1.470185
9,fixture-01-correct,topological-direct,0.929854
9,fixture-01-correct,session-direct-result,1.015723
9,fixture-01-correct,certificate-rebuild,3.598125
9,fixture-02-correct,proof-check,1.26004
9,fixture-02-correct,topological-direct,0.759048
9,fixture-02-correct,session-direct-result,1.163985
9,fixture-02-correct,certificate-rebuild,3.183013
9,fixture-03-correct,proof-check,1.562092
9,fixture-03-correct,topological-direct,1.168673
9,fixture-03-correct,session-direct-result,0.978858
9,fixture-03-correct,certificate-rebuild,4.462652
9,fixture-04-correct,proof-check,1.678918
9,fixture-04-correct,topological-direct,0.898428
9,fixture-04-correct,session-direct-result,0.984907
9,fixture-04-correct,certificate-rebuild,3.558917
9,fixture-05-correct,proof-check,1.544416
9,fixture-05-correct,topological-direct,1.086479
9,fixture-05-correct,session-direct-result,1.178988
9,fixture-05-correct,certificate-rebuild,5.060938
9,fixture-06-correct,proof-check,1.576273
9,fixture-06-correct,topological-direct,0.90014
9,fixture-06-correct,session-direct-result,0.926619
9,fixture-06-correct,certificate-rebuild,3.916773
9,fixture-07-correct,proof-check,1.487881
9,fixture-07-correct,topological-direct,0.928943
9,fixture-07-correct,session-direct-result,0.908832
9,fixture-07-correct,certificate-rebuild,4.156643
9,fixture-08-correct,proof-check,1.660049
9,fixture-08-correct,topological-direct,1.805978
9,fixture-08-correct,session-direct-result,1.295412
9,fixture-08-correct,certificate-rebuild,4.475321
9,fixture-09-correct,proof-check,2.208192
9,fixture-09-correct,topological-direct,1.429483
9,fixture-09-correct,session-direct-result,1.115312
9,fixture-09-correct,certificate-rebuild,12.232513
9,fixture-10-correct,proof-check,2.2478
9,fixture-10-correct,topological-direct,1.63377
9,fixture-10-correct,session-direct-result,1.059119
9,fixture-10-correct,certificate-rebuild,11.827946
9,fixture-11-correct,proof-check,1.952087
9,fixture-11-correct,topological-direct,1.179509
9,fixture-11-correct,session-direct-result,1.583765
9,fixture-11-correct,certificate-rebuild,6.340807
9,fixture-12-correct,proof-check,1.738236
9,fixture-12-correct,topological-direct,1.081131
9,fixture-12-correct,session-direct-result,1.069694
9,fixture-12-correct,certificate-rebuild,6.511243
9,fixture-13-correct,proof-check,1.801762
9,fixture-13-correct,topological-direct,1.115863
9,fixture-13-correct,session-direct-result,1.038097
9,fixture-13-correct,certificate-rebuild,5.092706
9,fixture-14-correct,proof-check,1.711186
9,fixture-14-correct,topological-direct,1.103885
9,fixture-14-correct,session-direct-result,1.183725
9,fixture-14-correct,certificate-rebuild,5.503202
9,fixture-15-correct,proof-check,1.676153
9,fixture-15-correct,topological-direct,1.265838
9,fixture-15-correct,session-direct-result,1.356384
9,fixture-15-correct,certificate-rebuild,5.290643
9,fixture-16-correct,proof-check,1.874791
9,fixture-16-correct,topological-direct,1.208001
9,fixture-16-correct,session-direct-result,1.076253
9,fixture-16-correct,certificate-rebuild,9.429229
9,fixture-17-correct,proof-check,2.490485
9,fixture-17-correct,topological-direct,1.537927
9,fixture-17-correct,session-direct-result,1.496784
9,fixture-17-correct,certificate-rebuild,20.241742
9,fixture-18-correct,proof-check,1.896103
9,fixture-18-correct,topological-direct,1.229904
9,fixture-18-correct,session-direct-result,1.452689
9,fixture-18-correct,certificate-rebuild,7.785103
9,fixture-19-correct,proof-check,1.411306
9,fixture-19-correct,topological-direct,0.853059
9,fixture-19-correct,session-direct-result,1.170655
9,fixture-19-correct,certificate-rebuild,3.28778
9,fixture-20-correct,proof-check,1.816915
9,fixture-20-correct,topological-direct,1.055783
9,fixture-20-correct,session-direct-result,1.343294
9,fixture-20-correct,certificate-rebuild,6.15481
