71-A-bug-18359456-18359477	DCCR	WRONG_ANSWER	DIFFOUT~~Loop~If~Printf
4-A-bug-18258406-18258457	DCCR	WRONG_ANSWER	DIFFOUT~~If~Else~Printf
231-A-bug-18055428-18055539	DCCR	WRONG_ANSWER	DIFFOUT~~If
96-A-bug-18284844-18284870	DCCR	WRONG_ANSWER	DIFFOUT~~If~Else
96-A-bug-18173471-18173484	DCCR	WRONG_ANSWER	~string
131-A-bug-18069181-18073244	DCCR	WRONG_ANSWER	DIFFOUT~~Loop~If~Else~Printf
133-A-bug-18048780-18048793	DCCR	WRONG_ANSWER	DIFFOUT~~Define
58-A-bug-18163826-18163845	DCCR	WRONG_ANSWER	~string
58-A-bug-17762757-17762804	DCCR	WRONG_ANSWER	~string
467-A-bug-18348808-18348843	DCCR	WRONG_ANSWER	DIFFOUT~~Loop~If
136-A-bug-17499279-17499383	DCCR	WRONG_ANSWER	~Define
82-A-bug-18221798-18221807	DCCR	WRONG_ANSWER	~string
271-A-bug-18358749-18358771	DCCR	WRONG_ANSWER	DIFFOUT~~Loop
271-A-bug-18245137-18245167	DCCR	WRONG_ANSWER	DIFFOUT~~Loop~If~Printf
271-A-bug-18046060-18046072	DCCR	WRONG_ANSWER	DIFFOUT~~Loop
271-A-bug-18031969-18031990	DCCR	WRONG_ANSWER	DIFFOUT~~Involves-+=or-=or*=~Loop
271-A-bug-17990046-17990110	DCCR	WRONG_ANSWER	DIFFOUT~~Loop
82-A-bug-16884194-16884217	DCCR	WRONG_ANSWER	~string
271-A-bug-17876739-17876766	DCCR	WRONG_ANSWER	DIFFOUT~~If
271-A-bug-17597303-17597361	DCCR	WRONG_ANSWER	DIFFOUT~~Loop
472-A-bug-18257011-18257052	DCCR	WRONG_ANSWER	~string
451-A-bug-17310453-17310460	DCCR	WRONG_ANSWER	~string
479-A-bug-18240880-18240906	DCCR	WRONG_ANSWER	DIFFOUT~~Loop~If
208-A-bug-18351096-18351104	DCCR	WRONG_ANSWER	DIFFOUT~~Involves-+=or-=or*=~Loop~If
208-A-bug-17532993-17533015	DCCR	WRONG_ANSWER	DIFFOUT~~Involves-+=or-=or*=~Loop~If
144-A-bug-18351193-18351203	DCCR	WRONG_ANSWER	DIFFOUT~~If~Printf
469-A-bug-17841611-17841634	DCCR	WRONG_ANSWER	~string
144-A-bug-17545888-17545977	DCCR	WRONG_ANSWER	DIFFOUT~~Loop~If
500-A-bug-18160029-18160094	DCCR	WRONG_ANSWER	DIFFOUT~~Loop~If~Printf
500-A-bug-17810784-17810794	DCCR	WRONG_ANSWER	DIFFOUT~~Loop
492-A-bug-17378673-17378701	DCCR	WRONG_ANSWER	DIFFOUT~~Involves-+=or-=or*=~Loop
617-A-bug-17713160-17713171	DCCR	WRONG_ANSWER	DIFFOUT~~If~Else~Printf
478-A-bug-17811132-17811140	DCCR	WRONG_ANSWER	DIFFOUT~~If~Else~Printf
478-A-bug-17294884-17294911	DCCR	WRONG_ANSWER	DIFFOUT~~If~Else~Printf
584-A-bug-18044424-18044437	DCCR	WRONG_ANSWER	~string
339-B-bug-18022309-18022318	DCCR	TIME_LIMIT_EXCEEDED	~string
448-A-bug-18270373-18270389	DCCR	WRONG_ANSWER	DIFFOUT~~If~Else~Printf
509-A-bug-18292759-18292782	DCCR	WRONG_ANSWER	~string
509-A-bug-18292753-18292782	DCCR	WRONG_ANSWER	~string
509-A-bug-17530294-17530298	DCCR	WRONG_ANSWER	~string
519-A-bug-17202161-17202173	DCCR	WRONG_ANSWER	DIFFOUT~~Involves-+=or-=or*=~If~Else
519-A-bug-15908197-15908286	DCCR	WRONG_ANSWER	DIFFOUT~~Involves-+=or-=or*=~Loop~If
570-A-bug-16196292-16196313	DCCR	WRONG_ANSWER	DIFFOUT~~Loop
439-A-bug-15171532-15171537	DCCR	WRONG_ANSWER	~string
439-A-bug-14856034-14856052	DCCR	WRONG_ANSWER	DIFFOUT~~Loop~Loop
551-A-bug-13415047-13415071	DCCR	WRONG_ANSWER	DIFFOUT~~Loop~If
560-A-bug-15922792-15922810	DCCR	WRONG_ANSWER	DIFFOUT~~If~Printf
611-A-bug-17389910-17389923	DCCR	WRONG_ANSWER	~string
611-A-bug-16058680-16058709	DCCR	WRONG_ANSWER	DIFFOUT~~If~Else~Printf
611-A-bug-16019969-16020019	DCCR	WRONG_ANSWER	DIFFOUT~~If~Else~Printf
37-A-bug-15572418-15572426	DCCR	WRONG_ANSWER	DIFFOUT~~Loop~If
189-A-bug-17294544-17294560	DCCR	WRONG_ANSWER	DIFFOUT~~Loop
454-A-bug-14788727-14788751	DCCR	WRONG_ANSWER	DIFFOUT~~Loop~Printf
118-B-bug-16904583-16904610	DCCR	WRONG_ANSWER	~string
456-A-bug-17586003-17586007	DCCR	WRONG_ANSWER	~string
572-A-bug-15632585-15632589	DCCR	WRONG_ANSWER	DIFFOUT~~Loop~If
572-A-bug-15579415-15579491	DCCR	WRONG_ANSWER	DIFFOUT~~Loop~If~Else~Printf
552-B-bug-16928615-16929418	DCCR	WRONG_ANSWER	~SIDE-EFFECT
552-B-bug-16459325-16459343	DCCR	WRONG_ANSWER	DIFFOUT~~Involves-+=or-=or*=~Loop~If
515-C-bug-11961760-11961793	DCCR	WRONG_ANSWER	~string
214-A-bug-18162404-18162485	DCCR	WRONG_ANSWER	DIFFOUT~~If
462-A-bug-17033255-17033269	DCCR	WRONG_ANSWER	~string
401-A-bug-16437058-16437078	DCCR	WRONG_ANSWER	DIFFOUT~~Loop~Loop
401-A-bug-13625080-13625095	DCCR	WRONG_ANSWER	~string
535-A-bug-18162703-18162711	DCCR	WRONG_ANSWER	~string
535-A-bug-16312418-16312451	DCCR	WRONG_ANSWER	~string
535-A-bug-13949153-13949173	DCCR	WRONG_ANSWER	~string
546-B-bug-17275476-17275488	DCCR	RUNTIME_ERROR	DIFFOUT~~Define~Loop~Loop~If~Printf
230-B-bug-18253629-18253637	DCCR	WRONG_ANSWER	~string
384-A-bug-18240444-18240451	DCCR	WRONG_ANSWER	~string
255-A-bug-17124424-17124453	DCCR	WRONG_ANSWER	~string
255-A-bug-13497204-13497217	DCCR	WRONG_ANSWER	~string
534-A-bug-17298530-17298537	DCCR	WRONG_ANSWER	~string
534-A-bug-17298527-17298537	DCCR	WRONG_ANSWER	~string
534-A-bug-14649971-14649997	DCCR	WRONG_ANSWER	~string
534-A-bug-14543669-14543680	DCCR	WRONG_ANSWER	~string
534-A-bug-14106218-14106229	DCCR	WRONG_ANSWER	~string
534-A-bug-14106194-14106229	DCCR	WRONG_ANSWER	~string
534-A-bug-14090669-14090687	DCCR	WRONG_ANSWER	~string
463-B-bug-11339381-11339383	DCCR	WRONG_ANSWER	DIFFOUT~~Loop~If
385-A-bug-15274432-15281177	DCCR	WRONG_ANSWER	DIFFOUT~~Loop~If~Else~Printf
385-A-bug-12308294-12308311	DCCR	WRONG_ANSWER	DIFFOUT~~Loop~Printf
586-A-bug-14191565-14191571	DCCR	WRONG_ANSWER	DIFFOUT~~If~Printf
465-A-bug-15579570-15579608	DCCR	WRONG_ANSWER	DIFFOUT~~Loop~Printf
278-A-bug-12128251-12129325	DCCR	WRONG_ANSWER	DIFFOUT~~If
472-B-bug-9390780-9390795	DCCR	WRONG_ANSWER	DIFFOUT~~Loop~If
629-A-bug-16440544-16440622	DCCR	WRONG_ANSWER	~string
320-A-bug-17314140-17314148	DCCR	WRONG_ANSWER	~string
320-A-bug-13853886-13855144	DCCR	WRONG_ANSWER	DIFFOUT~~If~Else
488-A-bug-18231098-18231112	DCCR	WRONG_ANSWER	DIFFOUT~~Involves-+=or-=or*=~Loop~If~Printf
488-A-bug-17920837-17920847	DCCR	WRONG_ANSWER	DIFFOUT~~Loop~If
488-A-bug-15694141-15694156	DCCR	TIME_LIMIT_EXCEEDED	DIFFOUT~~Loop~If
488-A-bug-15600307-15600390	DCCR	WRONG_ANSWER	DIFFOUT~~Loop~Loop
488-A-bug-15410864-15410870	DCCR	WRONG_ANSWER	DIFFOUT~~Loop~Loop
466-C-bug-17912548-17912675	DCCR	WRONG_ANSWER	~string
435-A-bug-17116256-17116702	DCCR	WRONG_ANSWER	DIFFOUT~~Else
604-A-bug-14841012-14841153	DCCR	WRONG_ANSWER	
574-A-bug-13208278-13208318	DCCR	WRONG_ANSWER	DIFFOUT~~Involves-+=or-=or*=~If~Else~Printf
624-A-bug-16223174-16223213	DCCR	WRONG_ANSWER	DIFFOUT~~If~Printf
670-A-bug-18246246-18246262	DCCR	WRONG_ANSWER	DIFFOUT~~Loop~If~Printf
670-A-bug-18026816-18031168	DCCR	WRONG_ANSWER	DIFFOUT~~Loop~If~Printf
556-B-bug-13638253-13638828	DCCR	WRONG_ANSWER	DIFFOUT~~Loop~If
556-B-bug-12705128-12705137	DCCR	RUNTIME_ERROR	DIFFOUT~~If~Else~Printf
560-C-bug-12795136-12795149	DCCR	WRONG_ANSWER	DIFFOUT~~Involves-+=or-=or*=~Loop~If~Else
588-B-bug-15571164-15571174	DCCR	WRONG_ANSWER	DIFFOUT~~Loop~Loop
482-A-bug-8674442-8674488	DCCR	WRONG_ANSWER	DIFFOUT~~Loop~If
550-C-bug-11606934-11606950	DCCR	WRONG_ANSWER	DIFFOUT~~Loop~If
9-A-bug-16987364-16987386	DCCR	WRONG_ANSWER	~string
84-A-bug-9385928-9385933	DCCR	WRONG_ANSWER	DIFFOUT~~Printf
560-B-bug-12804327-12804342	DCCR	WRONG_ANSWER	~string~ArrayAccess~FunCall~Printf
43-A-bug-14677884-14677976	DCCR	WRONG_ANSWER	DIFFOUT~~Loop~If~Else
596-B-bug-14891907-14891915	DCCR	RUNTIME_ERROR	~string
495-A-bug-12974475-12974513	DCCR	WRONG_ANSWER	DIFFOUT~~If~Printf
495-A-bug-11534750-11534818	DCCR	WRONG_ANSWER	DIFFOUT~~Involves-+=or-=or*=~If~Else
114-A-bug-15393612-15393637	DCCR	WRONG_ANSWER	DIFFOUT~~Loop~If
353-A-bug-12267789-12267802	DCCR	WRONG_ANSWER	~string
631-A-bug-16516739-16516823	DCCR	WRONG_ANSWER	~string
450-B-bug-14049570-14052082	DCCR	WRONG_ANSWER	DIFFOUT~~If~Else~Printf
621-B-bug-15783785-15784028	DCCR	WRONG_ANSWER	DIFFOUT~~Loop~If
672-B-bug-18005740-18005766	DCCR	WRONG_ANSWER	DIFFOUT~~Loop~If~Printf
546-C-bug-11531374-11531501	DCCR	WRONG_ANSWER	DIFFOUT~~Loop~Printf
158-C-bug-9815086-9815194	DCCR	WRONG_ANSWER	DIFFOUT~~Loop~If
592-A-bug-14209191-14209669	DCCR	WRONG_ANSWER	DIFFOUT~~Loop~If
75-A-bug-17509211-17509220	DCCR	WRONG_ANSWER	~string~FunCall~Printf
322-A-bug-9918275-9918287	DCCR	WRONG_ANSWER	DIFFOUT~~Loop~Printf
322-A-bug-9088045-9088076	DCCR	WRONG_ANSWER	DIFFOUT~~Loop~Printf
460-B-bug-12426498-12426519	DCCR	WRONG_ANSWER	DIFFOUT~~Involves-+=or-=or*=~Loop
160-B-bug-12385554-12385575	DCCR	WRONG_ANSWER	DIFFOUT~~If~Else~Printf
558-B-bug-12585906-12585920	DCCR	RUNTIME_ERROR	DIFFOUT~~Define
327-B-bug-11278728-11278834	DCCR	WRONG_ANSWER	DIFFOUT~~Loop~If
452-A-bug-16839740-16839775	DCCR	WRONG_ANSWER	~string
452-A-bug-11357737-11357797	DCCR	WRONG_ANSWER	DIFFOUT~~If~Else
415-A-bug-12406125-12406130	DCCR	WRONG_ANSWER	~string
139-A-bug-17335175-17335187	DCCR	WRONG_ANSWER	DIFFOUT~~Involves-+=or-=or*=~Loop~If
139-A-bug-14099102-14099148	DCCR	TIME_LIMIT_EXCEEDED	DIFFOUT~~If
246-A-bug-7343710-7343728	DCCR	WRONG_ANSWER	DIFFOUT~~Loop~If~Printf
272-A-bug-13334881-13334907	DCCR	WRONG_ANSWER	DIFFOUT~~If~Else~Printf
272-A-bug-9140479-9140575	DCCR	WRONG_ANSWER	DIFFOUT~~Involves-+=or-=or*=~Loop
518-A-bug-16064998-16065017	DCCR	WRONG_ANSWER	~ArrayAccess~If
275-A-bug-5407312-5407337	DCCR	WRONG_ANSWER	~ArrayAccess
493-A-bug-10851567-10851582	DCCR	WRONG_ANSWER	~string
587-A-bug-13972360-13972373	DCCR	WRONG_ANSWER	DIFFOUT~~Define
633-A-bug-17970704-17970774	DCCR	WRONG_ANSWER	DIFFOUT~~Loop
633-A-bug-17688004-17688228	DCCR	WRONG_ANSWER	DIFFOUT~~Loop
287-A-bug-16248246-16248273	DCCR	WRONG_ANSWER	~string
287-A-bug-14127156-14127164	DCCR	WRONG_ANSWER	DIFFOUT~~If
287-A-bug-11273662-11273693	DCCR	WRONG_ANSWER	DIFFOUT~~If
368-A-bug-10056259-10056302	DCCR	WRONG_ANSWER	DIFFOUT~~Involves-+=or-=or*=~Loop~Else~Printf
80-A-bug-17024233-17024254	DCCR	RUNTIME_ERROR	DIFFOUT~~Loop~If
80-A-bug-16970987-16971017	DCCR	WRONG_ANSWER	DIFFOUT~~Loop
336-A-bug-10796701-10796753	DCCR	WRONG_ANSWER	DIFFOUT~~If
336-A-bug-6096839-6096842	DCCR	WRONG_ANSWER	~string~FunCall~If~Printf~SIDE-EFFECT
362-B-bug-12974262-12974302	DCCR	WRONG_ANSWER	DIFFOUT~~Loop~If~Else
433-A-bug-14776196-14776225	DCCR	WRONG_ANSWER	~string
664-A-bug-17590501-17590517	DCCR	WRONG_ANSWER	~string
401-C-bug-18095947-18095968	DCCR	WRONG_ANSWER	DIFFOUT~~Loop~If
509-B-bug-10655714-10655736	DCCR	WRONG_ANSWER	DIFFOUT~~Loop~Printf
509-B-bug-10523652-10523659	DCCR	WRONG_ANSWER	~string
414-B-bug-6706156-6706199	DCCR	WRONG_ANSWER	DIFFOUT~~Loop
515-B-bug-11774554-11774710	DCCR	WRONG_ANSWER	DIFFOUT~~Loop~If
515-B-bug-10257432-10257461	DCCR	WRONG_ANSWER	DIFFOUT~~Loop~If~Printf
365-A-bug-18162681-18162685	DCCR	WRONG_ANSWER	DIFFOUT~~Loop~If
365-A-bug-9361800-9361805	DCCR	WRONG_ANSWER	~string~ArrayAccess~If
259-A-bug-15985457-15985487	DCCR	WRONG_ANSWER	~string
157-B-bug-13596646-13596675	DCCR	WRONG_ANSWER	DIFFOUT~~Loop~If
157-B-bug-13517559-13517565	DCCR	WRONG_ANSWER	~SIDE-EFFECT
382-A-bug-15851435-15851450	DCCR	WRONG_ANSWER	~SIDE-EFFECT
382-A-bug-8368809-8368827	DCCR	WRONG_ANSWER	DIFFOUT~~Loop~Printf
330-B-bug-15635112-15635157	DCCR	WRONG_ANSWER	~ArrayAccess~If
505-A-bug-10101095-10101109	DCCR	WRONG_ANSWER	~ArrayAccess
288-A-bug-6946103-6946125	DCCR	WRONG_ANSWER	~string
373-A-bug-17509728-17509797	DCCR	WRONG_ANSWER	DIFFOUT~~Loop~If~Printf
127-A-bug-4857735-4857763	DCCR	WRONG_ANSWER	~SIDE-EFFECT
205-A-bug-14650543-14650568	DCCR	WRONG_ANSWER	~string
220-A-bug-8395389-8395417	DCCR	WRONG_ANSWER	~string
355-A-bug-12485897-12485900	DCCR	WRONG_ANSWER	~string
355-A-bug-12485885-12485900	DCCR	WRONG_ANSWER	~string
94-A-bug-13906297-13906315	DCCR	WRONG_ANSWER	DIFFOUT~~Loop
357-A-bug-17835662-17835664	DCCR	WRONG_ANSWER	DIFFOUT~~If
680-B-bug-18325992-18326592	DCCR	WRONG_ANSWER	~SIDE-EFFECT
365-B-bug-17391844-17391871	DCCR	WRONG_ANSWER	DIFFOUT~~If
526-A-bug-10966530-10966547	DCCR	WRONG_ANSWER	DIFFOUT~~If
526-A-bug-10627114-10627124	DCCR	WRONG_ANSWER	DIFFOUT~~If~Else~Printf
604-B-bug-14775746-14775779	DCCR	WRONG_ANSWER	DIFFOUT~~If~Printf
616-B-bug-15606907-15607020	DCCR	WRONG_ANSWER	DIFFOUT~~Loop
363-A-bug-12223850-12223857	DCCR	WRONG_ANSWER	~string
363-A-bug-9556316-9556344	DCCR	TIME_LIMIT_EXCEEDED	~Loop
363-A-bug-8603306-8603333	DCCR	WRONG_ANSWER	~string
166-E-bug-7811739-7811751	DCCR	RUNTIME_ERROR	DIFFOUT~~Define
414-A-bug-13338411-13338421	DCCR	WRONG_ANSWER	DIFFOUT~~Loop~Else~Printf
414-A-bug-8342692-8342695	DCCR	WRONG_ANSWER	~string
475-A-bug-16393233-16393264	DCCR	WRONG_ANSWER	~string
475-A-bug-14056728-14056738	DCCR	WRONG_ANSWER	~string
475-A-bug-13253543-13253559	DCCR	WRONG_ANSWER	~string
268-C-bug-4023761-4023772	DCCR	WRONG_ANSWER	DIFFOUT~~Loop~Printf
268-C-bug-3071927-3071938	DCCR	WRONG_ANSWER	DIFFOUT~~Loop~Printf
34-A-bug-14489985-14490037	DCCR	WRONG_ANSWER	DIFFOUT~~Printf
34-A-bug-7646053-7646105	DCCR	WRONG_ANSWER	DIFFOUT~~Loop~If
538-C-bug-12882080-12882098	DCCR	WRONG_ANSWER	DIFFOUT~~Define
104-A-bug-11939068-11939085	DCCR	WRONG_ANSWER	DIFFOUT~~Involves-+=or-=or*=~If~Else~Printf
104-A-bug-10739007-10739021	DCCR	WRONG_ANSWER	~string
222-A-bug-4475922-4475947	DCCR	WRONG_ANSWER	DIFFOUT~~If~Else~Printf
302-A-bug-9163727-9163744	DCCR	WRONG_ANSWER	DIFFOUT~~Loop~Printf
441-B-bug-7062010-7062022	DCCR	WRONG_ANSWER	DIFFOUT~~Involves-+=or-=or*=~Loop~If
186-A-bug-14043592-14043606	DCCR	WRONG_ANSWER	DIFFOUT~~If~Else~Printf
244-A-bug-4336111-4336116	DCCR	WRONG_ANSWER	DIFFOUT~~If
626-B-bug-17396998-17397014	DCCR	WRONG_ANSWER	DIFFOUT~~If~Printf
626-B-bug-17271155-17271167	DCCR	WRONG_ANSWER	~string
284-B-bug-8946526-8946533	DCCR	WRONG_ANSWER	DIFFOUT~~If~Else~Printf
667-A-bug-18053720-18053750	DCCR	WRONG_ANSWER	DIFFOUT~~floatingpoint~Define
667-A-bug-17981468-17981495	DCCR	WRONG_ANSWER	~SIDE-EFFECT
667-A-bug-17689624-17689659	DCCR	WRONG_ANSWER	~SIDE-EFFECT
667-A-bug-17689544-17689659	DCCR	WRONG_ANSWER	~SIDE-EFFECT
127-B-bug-12687153-12687176	DCCR	WRONG_ANSWER	DIFFOUT~~Loop
127-B-bug-3581818-3581832	DCCR	WRONG_ANSWER	DIFFOUT~~Loop~If
569-A-bug-14530299-14530439	DCCR	WRONG_ANSWER	DIFFOUT~~Involves-+=or-=or*=~Loop~Printf
633-B-bug-17067597-17067648	DCCR	WRONG_ANSWER	DIFFOUT~~Loop~Printf
630-J-bug-16885448-16885458	DCCR	RUNTIME_ERROR	DIFFOUT~~Printf
289-B-bug-4082382-4082392	DCCR	WRONG_ANSWER	~string
143-A-bug-13549283-13549295	DCCR	WRONG_ANSWER	DIFFOUT~~Loop~If~Printf
578-A-bug-13134845-13134870	DCCR	WRONG_ANSWER	DIFFOUT~~floatingpoint~If~Else~Printf
578-A-bug-13134830-13134870	DCCR	WRONG_ANSWER	DIFFOUT~~floatingpoint~If~Else~Printf
496-B-bug-11341123-11341181	DCCR	WRONG_ANSWER	DIFFOUT~~Loop~If~Size
658-C-bug-16998123-16998228	DCCR	WRONG_ANSWER	DIFFOUT~~Loop~If~Else
165-B-bug-11900403-11900412	DCCR	WRONG_ANSWER	DIFFOUT~~Loop~If
490-B-bug-11009648-11009654	DCCR	RUNTIME_ERROR	DIFFOUT~~Define
546-D-bug-11891609-11891769	DCCR	WRONG_ANSWER	DIFFOUT~~Loop~If
304-A-bug-14290012-14290016	DCCR	TIME_LIMIT_EXCEEDED	~string
225-A-bug-2235327-2235330	DCCR	WRONG_ANSWER	~string
637-A-bug-16747066-16747205	DCCR	WRONG_ANSWER	DIFFOUT~~Loop~If
47-A-bug-17260366-17260380	DCCR	WRONG_ANSWER	~string
47-A-bug-16672494-16672523	DCCR	WRONG_ANSWER	~string
599-B-bug-15615019-15615020	DCCR	WRONG_ANSWER	DIFFOUT~~If
245-A-bug-3324361-3324366	DCCR	WRONG_ANSWER	~string
78-A-bug-17026157-17026164	DCCR	WRONG_ANSWER	~string
78-A-bug-13814982-13814989	DCCR	WRONG_ANSWER	~string
366-A-bug-12229092-12229103	DCCR	WRONG_ANSWER	~FunCall~SIDE-EFFECT
216-A-bug-12677176-12677205	DCCR	WRONG_ANSWER	~bitwise~bitwise
216-A-bug-9879753-9880150	DCCR	WRONG_ANSWER	~SIDE-EFFECT
216-A-bug-9879712-9880150	DCCR	WRONG_ANSWER	~SIDE-EFFECT
216-A-bug-9879672-9880150	DCCR	WRONG_ANSWER	~SIDE-EFFECT
607-A-bug-15282572-15282604	DCCR	WRONG_ANSWER	DIFFOUT~~Loop~If~Else
295-A-bug-14739525-14748349	DCCR	TIME_LIMIT_EXCEEDED	DIFFOUT~~Define
371-A-bug-5449075-5449090	DCCR	WRONG_ANSWER	~Involves-+=or-=or*=
46-A-bug-16431297-16431329	DCCR	WRONG_ANSWER	DIFFOUT~~Loop~If
46-A-bug-5782659-5782666	DCCR	WRONG_ANSWER	DIFFOUT~~If~Printf
312-A-bug-9604953-9604989	DCCR	WRONG_ANSWER	~string
312-A-bug-7803048-7803148	DCCR	WRONG_ANSWER	~string
670-D1-bug-17917073-17917152	DCCR	WRONG_ANSWER	DIFFOUT~~Loop~Loop~If
677-C-bug-18281182-18281188	DCCR	WRONG_ANSWER	~string
363-C-bug-13754002-13754097	DCCR	WRONG_ANSWER	DIFFOUT~~If
628-A-bug-16586442-16586499	DCCR	WRONG_ANSWER	~SIDE-EFFECT
495-B-bug-14552810-14552853	DCCR	WRONG_ANSWER	~FunCall
569-C-bug-12481867-12481905	DCCR	WRONG_ANSWER	DIFFOUT~~Define
282-C-bug-15737850-15737873	DCCR	WRONG_ANSWER	DIFFOUT~~If~Else~Printf
282-C-bug-15737832-15737873	DCCR	WRONG_ANSWER	DIFFOUT~~If~Else~Printf
12-A-bug-14196802-14196811	DCCR	WRONG_ANSWER	DIFFOUT~~Loop~If~Else~Printf
298-A-bug-17564161-17564303	DCCR	WRONG_ANSWER	DIFFOUT~~If~Else~Printf
298-A-bug-5928224-5928235	DCCR	WRONG_ANSWER	DIFFOUT~~If
49-A-bug-14244702-14244718	DCCR	WRONG_ANSWER	~string
289-A-bug-14199447-14199476	DCCR	WRONG_ANSWER	~string
370-A-bug-13131294-13131325	DCCR	WRONG_ANSWER	DIFFOUT~~If~Else
543-A-bug-11188983-11189003	DCCR	WRONG_ANSWER	DIFFOUT~~Involves-+=or-=or*=~Loop~Loop
586-C-bug-13615252-13615263	DCCR	TIME_LIMIT_EXCEEDED	~string
420-A-bug-14171953-14171970	DCCR	WRONG_ANSWER	~string
99-A-bug-17091391-17091404	DCCR	WRONG_ANSWER	~string
99-A-bug-2038413-2038417	DCCR	WRONG_ANSWER	~string
99-A-bug-1846295-1846297	DCCR	WRONG_ANSWER	~string
332-A-bug-4324852-4324866	DCCR	WRONG_ANSWER	DIFFOUT~~Loop~If
284-A-bug-17986776-17986843	DCCR	WRONG_ANSWER	DIFFOUT~~Loop~Printf
284-A-bug-16227020-16227051	DCCR	WRONG_ANSWER	~string
284-A-bug-14681239-14681253	DCCR	WRONG_ANSWER	DIFFOUT~~Loop
493-D-bug-13255641-13255660	DCCR	WRONG_ANSWER	~string
493-D-bug-8986717-8986720	DCCR	WRONG_ANSWER	~string
284-A-bug-3415239-3415277	DCCR	WRONG_ANSWER	DIFFOUT~~Loop
527-B-bug-16656510-16656574	DCCR	WRONG_ANSWER	~string
368-C-bug-5250850-5251229	DCCR	WRONG_ANSWER	DIFFOUT~~If~Else~Printf
520-C-bug-10109473-10109746	DCCR	WRONG_ANSWER	~ArrayAccess~Involves-+=or-=or*=
118-D-bug-989666-989669	DCCR	WRONG_ANSWER	DIFFOUT~~Involves-+=or-=or*=~Printf
337-B-bug-6149534-6149706	DCCR	WRONG_ANSWER	~string
337-B-bug-6149526-6149706	DCCR	WRONG_ANSWER	~string
437-B-bug-7809114-7809175	DCCR	WRONG_ANSWER	DIFFOUT~~struct~Define
7-A-bug-5271056-5284201	DCCR	WRONG_ANSWER	~string
136-B-bug-3414703-3414706	DCCR	WRONG_ANSWER	DIFFOUT~~Loop
74-A-bug-7737296-7737317	DCCR	WRONG_ANSWER	DIFFOUT~~Loop
74-A-bug-1808756-1808772	DCCR	WRONG_ANSWER	DIFFOUT~~Loop
292-B-bug-9811451-9811523	DCCR	WRONG_ANSWER	DIFFOUT~~Loop~If~Printf
292-B-bug-5741414-5741424	DCCR	WRONG_ANSWER	~string
56-A-bug-4205359-4205373	DCCR	WRONG_ANSWER	~string
31-A-bug-13602848-13602872	DCCR	WRONG_ANSWER	DIFFOUT~~Loop~If
104-C-bug-7622744-7622748	DCCR	WRONG_ANSWER	~string
151-B-bug-9213333-9213345	DCCR	WRONG_ANSWER	~string~If
670-D2-bug-17917943-17917968	DCCR	WRONG_ANSWER	DIFFOUT~~If~Else~Printf
233-B-bug-4947545-4947552	DCCR	WRONG_ANSWER	~string
371-C-bug-5402669-5402672	DCCR	WRONG_ANSWER	~SIDE-EFFECT
371-C-bug-5402667-5402672	DCCR	WRONG_ANSWER	~SIDE-EFFECT
43-B-bug-2629143-2629156	DCCR	RUNTIME_ERROR	DIFFOUT~~If~Printf
246-D-bug-16395260-16395271	DCCR	WRONG_ANSWER	~ArrayAccess
246-D-bug-16395254-16395271	DCCR	WRONG_ANSWER	~ArrayAccess
673-B-bug-17793506-17793622	DCCR	WRONG_ANSWER	DIFFOUT~~Loop~If~Else~Printf
