id,variant,status,oracle_points,projected_rows,producer_dag_nodes,checker_symbolic_nodes,test_only_accepts,unsliced_rows,semantic_only_is_canonical,unsafe_value_only_accepts
fixture-01-correct,correct,ACCEPT,81,19,24,23,True,243,,
fixture-01-overfit,overfit,REFUTED,81,19,30,28,True,,False,
fixture-01-regression,regression,REFUTED,81,19,31,29,True,,False,
fixture-01-undefined,undefined,REFUTED,81,57,34,29,True,,True,True
fixture-02-correct,correct,ACCEPT,81,11,21,20,True,243,,
fixture-02-overfit,overfit,REFUTED,81,19,29,27,True,,False,
fixture-02-regression,regression,REFUTED,81,19,30,28,True,,False,
fixture-02-undefined,undefined,REFUTED,81,39,30,26,True,,True,True
fixture-03-correct,correct,ACCEPT,81,19,25,24,True,243,,
fixture-03-overfit,overfit,REFUTED,81,19,31,29,True,,False,
fixture-03-regression,regression,REFUTED,81,19,32,30,True,,False,
fixture-03-undefined,undefined,REFUTED,81,57,35,30,True,,True,True
fixture-04-correct,correct,ACCEPT,81,19,24,23,True,243,,
fixture-04-overfit,overfit,REFUTED,81,19,30,28,True,,False,
fixture-04-regression,regression,REFUTED,81,19,31,29,True,,False,
fixture-04-undefined,undefined,REFUTED,81,57,34,29,True,,True,True
fixture-05-correct,correct,ACCEPT,81,19,25,24,True,243,,
fixture-05-overfit,overfit,REFUTED,81,19,31,29,True,,False,
fixture-05-regression,regression,REFUTED,81,19,32,30,True,,False,
fixture-05-undefined,undefined,REFUTED,81,57,35,30,True,,True,True
fixture-06-correct,correct,ACCEPT,81,19,24,23,True,243,,
fixture-06-overfit,overfit,REFUTED,81,19,30,28,True,,False,
fixture-06-regression,regression,REFUTED,81,19,31,29,True,,False,
fixture-06-undefined,undefined,REFUTED,81,57,34,29,True,,True,True
fixture-07-correct,correct,ACCEPT,81,7,25,24,True,243,,
fixture-07-overfit,overfit,REFUTED,81,19,31,29,True,,False,
fixture-07-regression,regression,REFUTED,81,19,32,30,True,,False,
fixture-07-undefined,undefined,REFUTED,81,21,35,30,True,,True,True
fixture-08-correct,correct,ACCEPT,81,7,28,27,True,243,,
fixture-08-overfit,overfit,REFUTED,81,19,34,32,True,,False,
fixture-08-regression,regression,REFUTED,81,19,36,34,True,,False,
fixture-08-undefined,undefined,REFUTED,81,21,38,33,True,,True,True
fixture-09-correct,correct,ACCEPT,81,21,38,33,True,243,,
fixture-09-overfit,overfit,REFUTED,81,21,46,38,True,,False,
fixture-09-regression,regression,REFUTED,81,21,47,39,True,,False,
fixture-09-undefined,undefined,REFUTED,81,63,45,38,True,,True,True
fixture-10-correct,correct,ACCEPT,81,21,38,33,True,243,,
fixture-10-overfit,overfit,REFUTED,81,21,46,38,True,,False,
fixture-10-regression,regression,REFUTED,81,21,47,39,True,,False,
fixture-10-undefined,undefined,REFUTED,81,63,45,38,True,,True,True
fixture-11-correct,correct,ACCEPT,81,21,29,25,True,243,,
fixture-11-overfit,overfit,REFUTED,81,21,41,33,True,,False,
fixture-11-regression,regression,REFUTED,81,21,42,34,True,,False,
fixture-11-undefined,undefined,REFUTED,81,63,37,31,True,,True,True
fixture-12-correct,correct,ACCEPT,81,21,29,25,True,243,,
fixture-12-overfit,overfit,REFUTED,81,21,41,33,True,,False,
fixture-12-regression,regression,REFUTED,81,21,42,34,True,,False,
fixture-12-undefined,undefined,REFUTED,81,63,37,31,True,,True,True
fixture-13-correct,correct,ACCEPT,81,19,28,25,True,243,,
fixture-13-overfit,overfit,REFUTED,81,19,34,30,True,,False,
fixture-13-regression,regression,REFUTED,81,19,35,31,True,,False,
fixture-13-undefined,undefined,REFUTED,81,57,40,31,True,,True,True
fixture-14-correct,correct,ACCEPT,81,19,28,25,True,243,,
fixture-14-overfit,overfit,REFUTED,81,19,34,30,True,,False,
fixture-14-regression,regression,REFUTED,81,19,35,31,True,,False,
fixture-14-undefined,undefined,REFUTED,81,57,40,31,True,,True,True
fixture-15-correct,correct,ACCEPT,81,11,25,23,True,243,,
fixture-15-overfit,overfit,REFUTED,81,19,33,30,True,,False,
fixture-15-regression,regression,REFUTED,81,19,34,31,True,,False,
fixture-15-undefined,undefined,REFUTED,81,39,36,29,True,,True,True
fixture-16-correct,correct,ACCEPT,81,21,32,27,True,243,,
fixture-16-overfit,overfit,REFUTED,81,21,44,35,True,,False,
fixture-16-regression,regression,REFUTED,81,21,45,36,True,,False,
fixture-16-undefined,undefined,REFUTED,81,63,42,33,True,,True,True
fixture-17-correct,correct,ACCEPT,81,27,38,31,True,243,,
fixture-17-overfit,overfit,REFUTED,81,27,50,39,True,,False,
fixture-17-regression,regression,REFUTED,81,27,51,40,True,,False,
fixture-17-undefined,undefined,REFUTED,81,81,49,37,True,,True,True
fixture-18-correct,correct,ACCEPT,81,29,29,25,True,243,,
fixture-18-overfit,overfit,REFUTED,81,55,37,32,True,,True,
fixture-18-regression,regression,REFUTED,81,55,38,33,True,,True,
fixture-18-undefined,undefined,REFUTED,81,93,42,31,True,,True,True
fixture-19-correct,correct,ACCEPT,81,11,22,21,True,243,,
fixture-19-overfit,overfit,REFUTED,81,55,30,28,True,,True,
fixture-19-regression,regression,REFUTED,81,55,31,29,True,,True,
fixture-19-undefined,undefined,REFUTED,81,39,31,27,True,,True,True
fixture-20-correct,correct,ACCEPT,81,29,26,24,True,243,,
fixture-20-overfit,overfit,REFUTED,81,55,34,31,True,,True,
fixture-20-regression,regression,REFUTED,81,55,35,32,True,,True,
fixture-20-undefined,undefined,REFUTED,81,93,37,30,True,,True,True
